file_name,file_path,length,class_id,class_name,sub_ds_name,sub_ds_index,fold
1-96890-A-37.wav,/home/codespace/.cache/kagglehub/datasets/mmoreaux/environmental-sound-classification-50/versions/15/audio/audio/1-96890-A-37.wav,5000.0,15,ALARM,ESC-50,389,0.0
5-234247-A-37.wav,/home/codespace/.cache/kagglehub/datasets/mmoreaux/environmental-sound-classification-50/versions/15/audio/audio/5-234247-A-37.wav,5000.0,15,ALARM,ESC-50,1884,0.0
2-104475-A-37.wav,/home/codespace/.cache/kagglehub/datasets/mmoreaux/environmental-sound-classification-50/versions/15/audio/audio/2-104475-A-37.wav,5000.0,15,ALARM,ESC-50,427,0.0
5-219242-B-37.wav,/home/codespace/.cache/kagglehub/datasets/mmoreaux/environmental-sound-classification-50/versions/15/audio/audio/5-219242-B-37.wav,5000.0,15,ALARM,ESC-50,1843,0.0
alarms03.wav,/home/codespace/.cache/datasets/bdlib2/BDLib2/fold-1/alarms03.wav,10000.0,15,ALARM,BDLIb2,9,1.0
alarms11.wav,/home/codespace/.cache/datasets/bdlib2/BDLib2/fold-2/alarms11.wav,10000.0,15,ALARM,BDLIb2,26,1.0
2-96063-A-37.wav,/home/codespace/.cache/kagglehub/datasets/mmoreaux/environmental-sound-classification-50/versions/15/audio/audio/2-96063-A-37.wav,5000.0,15,ALARM,ESC-50,788,1.0
2-78562-A-37.wav,/home/codespace/.cache/kagglehub/datasets/mmoreaux/environmental-sound-classification-50/versions/15/audio/audio/2-78562-A-37.wav,5000.0,15,ALARM,ESC-50,728,1.0
alarms09.wav,/home/codespace/.cache/datasets/bdlib2/BDLib2/fold-2/alarms09.wav,10000.0,15,ALARM,BDLIb2,19,2.0
3-148297-A-37.wav,/home/codespace/.cache/kagglehub/datasets/mmoreaux/environmental-sound-classification-50/versions/15/audio/audio/3-148297-A-37.wav,5000.0,15,ALARM,ESC-50,983,2.0
alarms08.wav,/home/codespace/.cache/datasets/bdlib2/BDLib2/fold-2/alarms08.wav,10000.0,15,ALARM,BDLIb2,30,2.0
alarms01.wav,/home/codespace/.cache/datasets/bdlib2/BDLib2/fold-1/alarms01.wav,10000.0,15,ALARM,BDLIb2,12,2.0
2-117116-A-37.wav,/home/codespace/.cache/kagglehub/datasets/mmoreaux/environmental-sound-classification-50/versions/15/audio/audio/2-117116-A-37.wav,5000.0,15,ALARM,ESC-50,483,3.0
alarms02.wav,/home/codespace/.cache/datasets/bdlib2/BDLib2/fold-1/alarms02.wav,10000.0,15,ALARM,BDLIb2,8,3.0
1-72195-A-37.wav,/home/codespace/.cache/kagglehub/datasets/mmoreaux/environmental-sound-classification-50/versions/15/audio/audio/1-72195-A-37.wav,5000.0,15,ALARM,ESC-50,332,3.0
1-13613-A-37.wav,/home/codespace/.cache/kagglehub/datasets/mmoreaux/environmental-sound-classification-50/versions/15/audio/audio/1-13613-A-37.wav,5000.0,15,ALARM,ESC-50,35,3.0
3-117793-A-37.wav,/home/codespace/.cache/kagglehub/datasets/mmoreaux/environmental-sound-classification-50/versions/15/audio/audio/3-117793-A-37.wav,5000.0,15,ALARM,ESC-50,854,4.0
5-219242-A-37.wav,/home/codespace/.cache/kagglehub/datasets/mmoreaux/environmental-sound-classification-50/versions/15/audio/audio/5-219242-A-37.wav,5000.0,15,ALARM,ESC-50,1842,4.0
4-169508-A-37.wav,/home/codespace/.cache/kagglehub/datasets/mmoreaux/environmental-sound-classification-50/versions/15/audio/audio/4-169508-A-37.wav,5000.0,15,ALARM,ESC-50,1351,4.0
2-102435-A-37.wav,/home/codespace/.cache/kagglehub/datasets/mmoreaux/environmental-sound-classification-50/versions/15/audio/audio/2-102435-A-37.wav,5000.0,15,ALARM,ESC-50,410,4.0
3-117883-A-37.wav,/home/codespace/.cache/kagglehub/datasets/mmoreaux/environmental-sound-classification-50/versions/15/audio/audio/3-117883-A-37.wav,5000.0,15,ALARM,ESC-50,855,5.0
5-233645-A-37.wav,/home/codespace/.cache/kagglehub/datasets/mmoreaux/environmental-sound-classification-50/versions/15/audio/audio/5-233645-A-37.wav,5000.0,15,ALARM,ESC-50,1881,5.0
5-223176-A-37.wav,/home/codespace/.cache/kagglehub/datasets/mmoreaux/environmental-sound-classification-50/versions/15/audio/audio/5-223176-A-37.wav,5000.0,15,ALARM,ESC-50,1867,5.0
1-14262-A-37.wav,/home/codespace/.cache/kagglehub/datasets/mmoreaux/environmental-sound-classification-50/versions/15/audio/audio/1-14262-A-37.wav,5000.0,15,ALARM,ESC-50,38,5.0
4-209698-A-37.wav,/home/codespace/.cache/kagglehub/datasets/mmoreaux/environmental-sound-classification-50/versions/15/audio/audio/4-209698-A-37.wav,5000.0,15,ALARM,ESC-50,1543,6.0
2-89516-A-37.wav,/home/codespace/.cache/kagglehub/datasets/mmoreaux/environmental-sound-classification-50/versions/15/audio/audio/2-89516-A-37.wav,5000.0,15,ALARM,ESC-50,775,6.0
1-34853-A-37.wav,/home/codespace/.cache/kagglehub/datasets/mmoreaux/environmental-sound-classification-50/versions/15/audio/audio/1-34853-A-37.wav,5000.0,15,ALARM,ESC-50,181,6.0
alarms06.wav,/home/codespace/.cache/datasets/bdlib2/BDLib2/fold-1/alarms06.wav,10000.0,15,ALARM,BDLIb2,15,6.0
alarms16.wav,/home/codespace/.cache/datasets/bdlib2/BDLib2/fold-3/alarms16.wav,10000.0,15,ALARM,BDLIb2,39,7.0
5-211408-A-37.wav,/home/codespace/.cache/kagglehub/datasets/mmoreaux/environmental-sound-classification-50/versions/15/audio/audio/5-211408-A-37.wav,5000.0,15,ALARM,ESC-50,1795,7.0
2-78562-B-37.wav,/home/codespace/.cache/kagglehub/datasets/mmoreaux/environmental-sound-classification-50/versions/15/audio/audio/2-78562-B-37.wav,5000.0,15,ALARM,ESC-50,729,7.0
alarms15.wav,/home/codespace/.cache/datasets/bdlib2/BDLib2/fold-3/alarms15.wav,10000.0,15,ALARM,BDLIb2,50,7.0
3-131943-A-37.wav,/home/codespace/.cache/kagglehub/datasets/mmoreaux/environmental-sound-classification-50/versions/15/audio/audio/3-131943-A-37.wav,5000.0,15,ALARM,ESC-50,908,8.0
4-189332-A-37.wav,/home/codespace/.cache/kagglehub/datasets/mmoreaux/environmental-sound-classification-50/versions/15/audio/audio/4-189332-A-37.wav,5000.0,15,ALARM,ESC-50,1469,8.0
alarms17.wav,/home/codespace/.cache/datasets/bdlib2/BDLib2/fold-3/alarms17.wav,10000.0,15,ALARM,BDLIb2,43,8.0
5-210612-A-37.wav,/home/codespace/.cache/kagglehub/datasets/mmoreaux/environmental-sound-classification-50/versions/15/audio/audio/5-210612-A-37.wav,5000.0,15,ALARM,ESC-50,1793,8.0
3-132340-A-37.wav,/home/codespace/.cache/kagglehub/datasets/mmoreaux/environmental-sound-classification-50/versions/15/audio/audio/3-132340-A-37.wav,5000.0,15,ALARM,ESC-50,909,9.0
1-67033-A-37.wav,/home/codespace/.cache/kagglehub/datasets/mmoreaux/environmental-sound-classification-50/versions/15/audio/audio/1-67033-A-37.wav,5000.0,15,ALARM,ESC-50,318,9.0
4-151242-A-37.wav,/home/codespace/.cache/kagglehub/datasets/mmoreaux/environmental-sound-classification-50/versions/15/audio/audio/4-151242-A-37.wav,5000.0,15,ALARM,ESC-50,1273,9.0
4-198841-A-37.wav,/home/codespace/.cache/kagglehub/datasets/mmoreaux/environmental-sound-classification-50/versions/15/audio/audio/4-198841-A-37.wav,5000.0,15,ALARM,ESC-50,1511,9.0
7389-1-0-4.wav,/home/codespace/.cache/kagglehub/datasets/chrisfilo/urbansound8k/versions/1/audio/fold4/7389-1-0-4.wav,,2,CAR_HORN,Urbansound8K,7667,0.0
178402-1-0-0.wav,/home/codespace/.cache/kagglehub/datasets/chrisfilo/urbansound8k/versions/1/audio/fold10/178402-1-0-0.wav,,2,CAR_HORN,Urbansound8K,4032,0.0
100648-1-3-0.wav,/home/codespace/.cache/kagglehub/datasets/chrisfilo/urbansound8k/versions/1/audio/fold10/100648-1-3-0.wav,,2,CAR_HORN,Urbansound8K,12,0.0
3-155130-A-43.wav,/home/codespace/.cache/kagglehub/datasets/mmoreaux/environmental-sound-classification-50/versions/15/audio/audio/3-155130-A-43.wav,5000.0,2,CAR_HORN,ESC-50,1029,0.0
199769-1-0-0.wav,/home/codespace/.cache/kagglehub/datasets/chrisfilo/urbansound8k/versions/1/audio/fold3/199769-1-0-0.wav,,2,CAR_HORN,Urbansound8K,5134,1.0
151359-1-3-0.wav,/home/codespace/.cache/kagglehub/datasets/chrisfilo/urbansound8k/versions/1/audio/fold3/151359-1-3-0.wav,,2,CAR_HORN,Urbansound8K,2123,1.0
34241-1-2-0.wav,/home/codespace/.cache/kagglehub/datasets/chrisfilo/urbansound8k/versions/1/audio/fold7/34241-1-2-0.wav,,2,CAR_HORN,Urbansound8K,6144,1.0
156091-1-0-0.wav,/home/codespace/.cache/kagglehub/datasets/chrisfilo/urbansound8k/versions/1/audio/fold7/156091-1-0-0.wav,,2,CAR_HORN,Urbansound8K,2341,1.0
175843-1-0-0.wav,/home/codespace/.cache/kagglehub/datasets/chrisfilo/urbansound8k/versions/1/audio/fold9/175843-1-0-0.wav,,2,CAR_HORN,Urbansound8K,3700,2.0
143115-1-3-0.wav,/home/codespace/.cache/kagglehub/datasets/chrisfilo/urbansound8k/versions/1/audio/fold6/143115-1-3-0.wav,,2,CAR_HORN,Urbansound8K,1641,2.0
199769-1-0-17.wav,/home/codespace/.cache/kagglehub/datasets/chrisfilo/urbansound8k/versions/1/audio/fold3/199769-1-0-17.wav,,2,CAR_HORN,Urbansound8K,5143,2.0
175854-1-0-0.wav,/home/codespace/.cache/kagglehub/datasets/chrisfilo/urbansound8k/versions/1/audio/fold3/175854-1-0-0.wav,,2,CAR_HORN,Urbansound8K,3711,2.0
72259-1-10-10.wav,/home/codespace/.cache/kagglehub/datasets/chrisfilo/urbansound8k/versions/1/audio/fold5/72259-1-10-10.wav,,2,CAR_HORN,Urbansound8K,7502,3.0
72259-1-7-22.wav,/home/codespace/.cache/kagglehub/datasets/chrisfilo/urbansound8k/versions/1/audio/fold5/72259-1-7-22.wav,,2,CAR_HORN,Urbansound8K,7539,3.0
73168-1-0-0.wav,/home/codespace/.cache/kagglehub/datasets/chrisfilo/urbansound8k/versions/1/audio/fold9/73168-1-0-0.wav,,2,CAR_HORN,Urbansound8K,7616,3.0
72259-1-8-0.wav,/home/codespace/.cache/kagglehub/datasets/chrisfilo/urbansound8k/versions/1/audio/fold5/72259-1-8-0.wav,,2,CAR_HORN,Urbansound8K,7547,3.0
72259-1-5-3.wav,/home/codespace/.cache/kagglehub/datasets/chrisfilo/urbansound8k/versions/1/audio/fold5/72259-1-5-3.wav,,2,CAR_HORN,Urbansound8K,7520,4.0
125520-1-0-0.wav,/home/codespace/.cache/kagglehub/datasets/chrisfilo/urbansound8k/versions/1/audio/fold8/125520-1-0-0.wav,,2,CAR_HORN,Urbansound8K,1079,4.0
155130-1-1-0.wav,/home/codespace/.cache/kagglehub/datasets/chrisfilo/urbansound8k/versions/1/audio/fold9/155130-1-1-0.wav,,2,CAR_HORN,Urbansound8K,2212,4.0
87275-1-3-0.wav,/home/codespace/.cache/kagglehub/datasets/chrisfilo/urbansound8k/versions/1/audio/fold1/87275-1-3-0.wav,,2,CAR_HORN,Urbansound8K,8328,4.0
7389-1-3-2.wav,/home/codespace/.cache/kagglehub/datasets/chrisfilo/urbansound8k/versions/1/audio/fold4/7389-1-3-2.wav,,2,CAR_HORN,Urbansound8K,7678,5.0
1-19026-A-43.wav,/home/codespace/.cache/kagglehub/datasets/mmoreaux/environmental-sound-classification-50/versions/15/audio/audio/1-19026-A-43.wav,5000.0,2,CAR_HORN,ESC-50,83,5.0
72567-1-4-0.wav,/home/codespace/.cache/kagglehub/datasets/chrisfilo/urbansound8k/versions/1/audio/fold2/72567-1-4-0.wav,,2,CAR_HORN,Urbansound8K,7595,5.0
138468-1-0-0.wav,/home/codespace/.cache/kagglehub/datasets/chrisfilo/urbansound8k/versions/1/audio/fold9/138468-1-0-0.wav,,2,CAR_HORN,Urbansound8K,1582,5.0
125520-1-2-0.wav,/home/codespace/.cache/kagglehub/datasets/chrisfilo/urbansound8k/versions/1/audio/fold8/125520-1-2-0.wav,,2,CAR_HORN,Urbansound8K,1081,6.0
72567-1-4-2.wav,/home/codespace/.cache/kagglehub/datasets/chrisfilo/urbansound8k/versions/1/audio/fold2/72567-1-4-2.wav,,2,CAR_HORN,Urbansound8K,7597,6.0
54187-1-0-2.wav,/home/codespace/.cache/kagglehub/datasets/chrisfilo/urbansound8k/versions/1/audio/fold9/54187-1-0-2.wav,,2,CAR_HORN,Urbansound8K,6738,6.0
34241-1-0-0.wav,/home/codespace/.cache/kagglehub/datasets/chrisfilo/urbansound8k/versions/1/audio/fold7/34241-1-0-0.wav,,2,CAR_HORN,Urbansound8K,6142,6.0
183894-1-9-0.wav,/home/codespace/.cache/kagglehub/datasets/chrisfilo/urbansound8k/versions/1/audio/fold7/183894-1-9-0.wav,,2,CAR_HORN,Urbansound8K,4445,7.0
72259-1-9-9.wav,/home/codespace/.cache/kagglehub/datasets/chrisfilo/urbansound8k/versions/1/audio/fold5/72259-1-9-9.wav,,2,CAR_HORN,Urbansound8K,7565,7.0
199769-1-0-14.wav,/home/codespace/.cache/kagglehub/datasets/chrisfilo/urbansound8k/versions/1/audio/fold3/199769-1-0-14.wav,,2,CAR_HORN,Urbansound8K,5140,7.0
199769-1-0-9.wav,/home/codespace/.cache/kagglehub/datasets/chrisfilo/urbansound8k/versions/1/audio/fold3/199769-1-0-9.wav,,2,CAR_HORN,Urbansound8K,5152,7.0
185436-1-3-0.wav,/home/codespace/.cache/kagglehub/datasets/chrisfilo/urbansound8k/versions/1/audio/fold5/185436-1-3-0.wav,,2,CAR_HORN,Urbansound8K,4532,8.0
72259-1-0-4.wav,/home/codespace/.cache/kagglehub/datasets/chrisfilo/urbansound8k/versions/1/audio/fold5/72259-1-0-4.wav,,2,CAR_HORN,Urbansound8K,7497,8.0
7389-1-4-6.wav,/home/codespace/.cache/kagglehub/datasets/chrisfilo/urbansound8k/versions/1/audio/fold4/7389-1-4-6.wav,,2,CAR_HORN,Urbansound8K,7694,8.0
100648-1-4-0.wav,/home/codespace/.cache/kagglehub/datasets/chrisfilo/urbansound8k/versions/1/audio/fold10/100648-1-4-0.wav,,2,CAR_HORN,Urbansound8K,13,8.0
17307-1-0-0.wav,/home/codespace/.cache/kagglehub/datasets/chrisfilo/urbansound8k/versions/1/audio/fold2/17307-1-0-0.wav,,2,CAR_HORN,Urbansound8K,3555,9.0
187356-1-4-0.wav,/home/codespace/.cache/kagglehub/datasets/chrisfilo/urbansound8k/versions/1/audio/fold4/187356-1-4-0.wav,,2,CAR_HORN,Urbansound8K,4625,9.0
5-180156-B-43.wav,/home/codespace/.cache/kagglehub/datasets/mmoreaux/environmental-sound-classification-50/versions/15/audio/audio/5-180156-B-43.wav,5000.0,2,CAR_HORN,ESC-50,1667,9.0
72567-1-5-0.wav,/home/codespace/.cache/kagglehub/datasets/chrisfilo/urbansound8k/versions/1/audio/fold2/72567-1-5-0.wav,,2,CAR_HORN,Urbansound8K,7603,9.0
3-118658-B-41.wav,/home/codespace/.cache/kagglehub/datasets/mmoreaux/environmental-sound-classification-50/versions/15/audio/audio/3-118658-B-41.wav,5000.0,11,CHAINSAW,ESC-50,865,0.0
1-19898-C-41.wav,/home/codespace/.cache/kagglehub/datasets/mmoreaux/environmental-sound-classification-50/versions/15/audio/audio/1-19898-C-41.wav,5000.0,11,CHAINSAW,ESC-50,94,0.0
3-118972-A-41.wav,/home/codespace/.cache/kagglehub/datasets/mmoreaux/environmental-sound-classification-50/versions/15/audio/audio/3-118972-A-41.wav,5000.0,11,CHAINSAW,ESC-50,866,0.0
2-50668-A-41.wav,/home/codespace/.cache/kagglehub/datasets/mmoreaux/environmental-sound-classification-50/versions/15/audio/audio/2-50668-A-41.wav,5000.0,11,CHAINSAW,ESC-50,647,0.0
2-77945-A-41.wav,/home/codespace/.cache/kagglehub/datasets/mmoreaux/environmental-sound-classification-50/versions/15/audio/audio/2-77945-A-41.wav,5000.0,11,CHAINSAW,ESC-50,725,1.0
3-118657-A-41.wav,/home/codespace/.cache/kagglehub/datasets/mmoreaux/environmental-sound-classification-50/versions/15/audio/audio/3-118657-A-41.wav,5000.0,11,CHAINSAW,ESC-50,862,1.0
5-170338-B-41.wav,/home/codespace/.cache/kagglehub/datasets/mmoreaux/environmental-sound-classification-50/versions/15/audio/audio/5-170338-B-41.wav,5000.0,11,CHAINSAW,ESC-50,1643,1.0
5-185579-B-41.wav,/home/codespace/.cache/kagglehub/datasets/mmoreaux/environmental-sound-classification-50/versions/15/audio/audio/5-185579-B-41.wav,5000.0,11,CHAINSAW,ESC-50,1681,1.0
5-222524-A-41.wav,/home/codespace/.cache/kagglehub/datasets/mmoreaux/environmental-sound-classification-50/versions/15/audio/audio/5-222524-A-41.wav,5000.0,11,CHAINSAW,ESC-50,1862,2.0
4-165823-B-41.wav,/home/codespace/.cache/kagglehub/datasets/mmoreaux/environmental-sound-classification-50/versions/15/audio/audio/4-165823-B-41.wav,5000.0,11,CHAINSAW,ESC-50,1332,2.0
4-169127-B-41.wav,/home/codespace/.cache/kagglehub/datasets/mmoreaux/environmental-sound-classification-50/versions/15/audio/audio/4-169127-B-41.wav,5000.0,11,CHAINSAW,ESC-50,1350,2.0
1-47250-B-41.wav,/home/codespace/.cache/kagglehub/datasets/mmoreaux/environmental-sound-classification-50/versions/15/audio/audio/1-47250-B-41.wav,5000.0,11,CHAINSAW,ESC-50,224,2.0
4-169127-A-41.wav,/home/codespace/.cache/kagglehub/datasets/mmoreaux/environmental-sound-classification-50/versions/15/audio/audio/4-169127-A-41.wav,5000.0,11,CHAINSAW,ESC-50,1349,3.0
2-68391-A-41.wav,/home/codespace/.cache/kagglehub/datasets/mmoreaux/environmental-sound-classification-50/versions/15/audio/audio/2-68391-A-41.wav,5000.0,11,CHAINSAW,ESC-50,687,3.0
2-50668-B-41.wav,/home/codespace/.cache/kagglehub/datasets/mmoreaux/environmental-sound-classification-50/versions/15/audio/audio/2-50668-B-41.wav,5000.0,11,CHAINSAW,ESC-50,648,3.0
2-77945-B-41.wav,/home/codespace/.cache/kagglehub/datasets/mmoreaux/environmental-sound-classification-50/versions/15/audio/audio/2-77945-B-41.wav,5000.0,11,CHAINSAW,ESC-50,726,3.0
2-50667-B-41.wav,/home/codespace/.cache/kagglehub/datasets/mmoreaux/environmental-sound-classification-50/versions/15/audio/audio/2-50667-B-41.wav,5000.0,11,CHAINSAW,ESC-50,646,4.0
5-171653-A-41.wav,/home/codespace/.cache/kagglehub/datasets/mmoreaux/environmental-sound-classification-50/versions/15/audio/audio/5-171653-A-41.wav,5000.0,11,CHAINSAW,ESC-50,1645,4.0
4-157611-A-41.wav,/home/codespace/.cache/kagglehub/datasets/mmoreaux/environmental-sound-classification-50/versions/15/audio/audio/4-157611-A-41.wav,5000.0,11,CHAINSAW,ESC-50,1290,4.0
3-118657-B-41.wav,/home/codespace/.cache/kagglehub/datasets/mmoreaux/environmental-sound-classification-50/versions/15/audio/audio/3-118657-B-41.wav,5000.0,11,CHAINSAW,ESC-50,863,4.0
3-118658-A-41.wav,/home/codespace/.cache/kagglehub/datasets/mmoreaux/environmental-sound-classification-50/versions/15/audio/audio/3-118658-A-41.wav,5000.0,11,CHAINSAW,ESC-50,864,5.0
3-118656-A-41.wav,/home/codespace/.cache/kagglehub/datasets/mmoreaux/environmental-sound-classification-50/versions/15/audio/audio/3-118656-A-41.wav,5000.0,11,CHAINSAW,ESC-50,861,5.0
5-185579-A-41.wav,/home/codespace/.cache/kagglehub/datasets/mmoreaux/environmental-sound-classification-50/versions/15/audio/audio/5-185579-A-41.wav,5000.0,11,CHAINSAW,ESC-50,1680,5.0
1-64398-B-41.wav,/home/codespace/.cache/kagglehub/datasets/mmoreaux/environmental-sound-classification-50/versions/15/audio/audio/1-64398-B-41.wav,5000.0,11,CHAINSAW,ESC-50,315,5.0
2-50667-A-41.wav,/home/codespace/.cache/kagglehub/datasets/mmoreaux/environmental-sound-classification-50/versions/15/audio/audio/2-50667-A-41.wav,5000.0,11,CHAINSAW,ESC-50,645,6.0
1-19898-A-41.wav,/home/codespace/.cache/kagglehub/datasets/mmoreaux/environmental-sound-classification-50/versions/15/audio/audio/1-19898-A-41.wav,5000.0,11,CHAINSAW,ESC-50,92,6.0
4-149294-A-41.wav,/home/codespace/.cache/kagglehub/datasets/mmoreaux/environmental-sound-classification-50/versions/15/audio/audio/4-149294-A-41.wav,5000.0,11,CHAINSAW,ESC-50,1267,6.0
3-118972-B-41.wav,/home/codespace/.cache/kagglehub/datasets/mmoreaux/environmental-sound-classification-50/versions/15/audio/audio/3-118972-B-41.wav,5000.0,11,CHAINSAW,ESC-50,867,6.0
3-165856-A-41.wav,/home/codespace/.cache/kagglehub/datasets/mmoreaux/environmental-sound-classification-50/versions/15/audio/audio/3-165856-A-41.wav,5000.0,11,CHAINSAW,ESC-50,1086,7.0
1-64398-A-41.wav,/home/codespace/.cache/kagglehub/datasets/mmoreaux/environmental-sound-classification-50/versions/15/audio/audio/1-64398-A-41.wav,5000.0,11,CHAINSAW,ESC-50,314,7.0
5-170338-A-41.wav,/home/codespace/.cache/kagglehub/datasets/mmoreaux/environmental-sound-classification-50/versions/15/audio/audio/5-170338-A-41.wav,5000.0,11,CHAINSAW,ESC-50,1642,7.0
5-216370-B-41.wav,/home/codespace/.cache/kagglehub/datasets/mmoreaux/environmental-sound-classification-50/versions/15/audio/audio/5-216370-B-41.wav,5000.0,11,CHAINSAW,ESC-50,1831,7.0
1-19898-B-41.wav,/home/codespace/.cache/kagglehub/datasets/mmoreaux/environmental-sound-classification-50/versions/15/audio/audio/1-19898-B-41.wav,5000.0,11,CHAINSAW,ESC-50,93,8.0
4-165823-A-41.wav,/home/codespace/.cache/kagglehub/datasets/mmoreaux/environmental-sound-classification-50/versions/15/audio/audio/4-165823-A-41.wav,5000.0,11,CHAINSAW,ESC-50,1331,8.0
1-47250-A-41.wav,/home/codespace/.cache/kagglehub/datasets/mmoreaux/environmental-sound-classification-50/versions/15/audio/audio/1-47250-A-41.wav,5000.0,11,CHAINSAW,ESC-50,223,8.0
5-216370-A-41.wav,/home/codespace/.cache/kagglehub/datasets/mmoreaux/environmental-sound-classification-50/versions/15/audio/audio/5-216370-A-41.wav,5000.0,11,CHAINSAW,ESC-50,1830,8.0
4-157611-B-41.wav,/home/codespace/.cache/kagglehub/datasets/mmoreaux/environmental-sound-classification-50/versions/15/audio/audio/4-157611-B-41.wav,5000.0,11,CHAINSAW,ESC-50,1291,9.0
1-116765-A-41.wav,/home/codespace/.cache/kagglehub/datasets/mmoreaux/environmental-sound-classification-50/versions/15/audio/audio/1-116765-A-41.wav,5000.0,11,CHAINSAW,ESC-50,24,9.0
4-149294-B-41.wav,/home/codespace/.cache/kagglehub/datasets/mmoreaux/environmental-sound-classification-50/versions/15/audio/audio/4-149294-B-41.wav,5000.0,11,CHAINSAW,ESC-50,1268,9.0
2-68391-B-41.wav,/home/codespace/.cache/kagglehub/datasets/mmoreaux/environmental-sound-classification-50/versions/15/audio/audio/2-68391-B-41.wav,5000.0,11,CHAINSAW,ESC-50,688,9.0
5-198411-A-20.wav,/home/codespace/.cache/kagglehub/datasets/mmoreaux/environmental-sound-classification-50/versions/15/audio/audio/5-198411-A-20.wav,5000.0,9,CRYING_BABY,ESC-50,1728,0.0
5-198411-G-20.wav,/home/codespace/.cache/kagglehub/datasets/mmoreaux/environmental-sound-classification-50/versions/15/audio/audio/5-198411-G-20.wav,5000.0,9,CRYING_BABY,ESC-50,1734,0.0
2-107351-A-20.wav,/home/codespace/.cache/kagglehub/datasets/mmoreaux/environmental-sound-classification-50/versions/15/audio/audio/2-107351-A-20.wav,5000.0,9,CRYING_BABY,ESC-50,445,0.0
5-198411-E-20.wav,/home/codespace/.cache/kagglehub/datasets/mmoreaux/environmental-sound-classification-50/versions/15/audio/audio/5-198411-E-20.wav,5000.0,9,CRYING_BABY,ESC-50,1732,0.0
3-151081-B-20.wav,/home/codespace/.cache/kagglehub/datasets/mmoreaux/environmental-sound-classification-50/versions/15/audio/audio/3-151081-B-20.wav,5000.0,9,CRYING_BABY,ESC-50,997,1.0
4-185575-A-20.wav,/home/codespace/.cache/kagglehub/datasets/mmoreaux/environmental-sound-classification-50/versions/15/audio/audio/4-185575-A-20.wav,5000.0,9,CRYING_BABY,ESC-50,1437,1.0
1-211527-C-20.wav,/home/codespace/.cache/kagglehub/datasets/mmoreaux/environmental-sound-classification-50/versions/15/audio/audio/1-211527-C-20.wav,5000.0,9,CRYING_BABY,ESC-50,106,1.0
4-185575-C-20.wav,/home/codespace/.cache/kagglehub/datasets/mmoreaux/environmental-sound-classification-50/versions/15/audio/audio/4-185575-C-20.wav,5000.0,9,CRYING_BABY,ESC-50,1439,1.0
3-151080-A-20.wav,/home/codespace/.cache/kagglehub/datasets/mmoreaux/environmental-sound-classification-50/versions/15/audio/audio/3-151080-A-20.wav,5000.0,9,CRYING_BABY,ESC-50,995,2.0
2-151079-A-20.wav,/home/codespace/.cache/kagglehub/datasets/mmoreaux/environmental-sound-classification-50/versions/15/audio/audio/2-151079-A-20.wav,5000.0,9,CRYING_BABY,ESC-50,577,2.0
4-59579-A-20.wav,/home/codespace/.cache/kagglehub/datasets/mmoreaux/environmental-sound-classification-50/versions/15/audio/audio/4-59579-A-20.wav,5000.0,9,CRYING_BABY,ESC-50,1588,2.0
1-211527-A-20.wav,/home/codespace/.cache/kagglehub/datasets/mmoreaux/environmental-sound-classification-50/versions/15/audio/audio/1-211527-A-20.wav,5000.0,9,CRYING_BABY,ESC-50,104,2.0
1-22694-A-20.wav,/home/codespace/.cache/kagglehub/datasets/mmoreaux/environmental-sound-classification-50/versions/15/audio/audio/1-22694-A-20.wav,5000.0,9,CRYING_BABY,ESC-50,113,3.0
5-151085-A-20.wav,/home/codespace/.cache/kagglehub/datasets/mmoreaux/environmental-sound-classification-50/versions/15/audio/audio/5-151085-A-20.wav,5000.0,9,CRYING_BABY,ESC-50,1617,3.0
3-152007-C-20.wav,/home/codespace/.cache/kagglehub/datasets/mmoreaux/environmental-sound-classification-50/versions/15/audio/audio/3-152007-C-20.wav,5000.0,9,CRYING_BABY,ESC-50,1009,3.0
4-167077-C-20.wav,/home/codespace/.cache/kagglehub/datasets/mmoreaux/environmental-sound-classification-50/versions/15/audio/audio/4-167077-C-20.wav,5000.0,9,CRYING_BABY,ESC-50,1342,3.0
2-66637-B-20.wav,/home/codespace/.cache/kagglehub/datasets/mmoreaux/environmental-sound-classification-50/versions/15/audio/audio/2-66637-B-20.wav,5000.0,9,CRYING_BABY,ESC-50,685,4.0
3-152007-D-20.wav,/home/codespace/.cache/kagglehub/datasets/mmoreaux/environmental-sound-classification-50/versions/15/audio/audio/3-152007-D-20.wav,5000.0,9,CRYING_BABY,ESC-50,1010,4.0
4-59579-B-20.wav,/home/codespace/.cache/kagglehub/datasets/mmoreaux/environmental-sound-classification-50/versions/15/audio/audio/4-59579-B-20.wav,5000.0,9,CRYING_BABY,ESC-50,1589,4.0
5-198411-F-20.wav,/home/codespace/.cache/kagglehub/datasets/mmoreaux/environmental-sound-classification-50/versions/15/audio/audio/5-198411-F-20.wav,5000.0,9,CRYING_BABY,ESC-50,1733,4.0
2-80482-A-20.wav,/home/codespace/.cache/kagglehub/datasets/mmoreaux/environmental-sound-classification-50/versions/15/audio/audio/2-80482-A-20.wav,5000.0,9,CRYING_BABY,ESC-50,736,5.0
2-107351-B-20.wav,/home/codespace/.cache/kagglehub/datasets/mmoreaux/environmental-sound-classification-50/versions/15/audio/audio/2-107351-B-20.wav,5000.0,9,CRYING_BABY,ESC-50,446,5.0
1-187207-A-20.wav,/home/codespace/.cache/kagglehub/datasets/mmoreaux/environmental-sound-classification-50/versions/15/audio/audio/1-187207-A-20.wav,5000.0,9,CRYING_BABY,ESC-50,78,5.0
2-66637-A-20.wav,/home/codespace/.cache/kagglehub/datasets/mmoreaux/environmental-sound-classification-50/versions/15/audio/audio/2-66637-A-20.wav,5000.0,9,CRYING_BABY,ESC-50,684,5.0
5-198411-C-20.wav,/home/codespace/.cache/kagglehub/datasets/mmoreaux/environmental-sound-classification-50/versions/15/audio/audio/5-198411-C-20.wav,5000.0,9,CRYING_BABY,ESC-50,1730,6.0
1-60997-A-20.wav,/home/codespace/.cache/kagglehub/datasets/mmoreaux/environmental-sound-classification-50/versions/15/audio/audio/1-60997-A-20.wav,5000.0,9,CRYING_BABY,ESC-50,300,6.0
3-152007-A-20.wav,/home/codespace/.cache/kagglehub/datasets/mmoreaux/environmental-sound-classification-50/versions/15/audio/audio/3-152007-A-20.wav,5000.0,9,CRYING_BABY,ESC-50,1007,6.0
1-22694-B-20.wav,/home/codespace/.cache/kagglehub/datasets/mmoreaux/environmental-sound-classification-50/versions/15/audio/audio/1-22694-B-20.wav,5000.0,9,CRYING_BABY,ESC-50,114,6.0
2-50665-A-20.wav,/home/codespace/.cache/kagglehub/datasets/mmoreaux/environmental-sound-classification-50/versions/15/audio/audio/2-50665-A-20.wav,5000.0,9,CRYING_BABY,ESC-50,643,7.0
5-198411-B-20.wav,/home/codespace/.cache/kagglehub/datasets/mmoreaux/environmental-sound-classification-50/versions/15/audio/audio/5-198411-B-20.wav,5000.0,9,CRYING_BABY,ESC-50,1729,7.0
3-152007-E-20.wav,/home/codespace/.cache/kagglehub/datasets/mmoreaux/environmental-sound-classification-50/versions/15/audio/audio/3-152007-E-20.wav,5000.0,9,CRYING_BABY,ESC-50,1011,7.0
4-167077-B-20.wav,/home/codespace/.cache/kagglehub/datasets/mmoreaux/environmental-sound-classification-50/versions/15/audio/audio/4-167077-B-20.wav,5000.0,9,CRYING_BABY,ESC-50,1341,7.0
5-198411-D-20.wav,/home/codespace/.cache/kagglehub/datasets/mmoreaux/environmental-sound-classification-50/versions/15/audio/audio/5-198411-D-20.wav,5000.0,9,CRYING_BABY,ESC-50,1731,8.0
1-211527-B-20.wav,/home/codespace/.cache/kagglehub/datasets/mmoreaux/environmental-sound-classification-50/versions/15/audio/audio/1-211527-B-20.wav,5000.0,9,CRYING_BABY,ESC-50,105,8.0
4-167077-A-20.wav,/home/codespace/.cache/kagglehub/datasets/mmoreaux/environmental-sound-classification-50/versions/15/audio/audio/4-167077-A-20.wav,5000.0,9,CRYING_BABY,ESC-50,1340,8.0
3-152007-B-20.wav,/home/codespace/.cache/kagglehub/datasets/mmoreaux/environmental-sound-classification-50/versions/15/audio/audio/3-152007-B-20.wav,5000.0,9,CRYING_BABY,ESC-50,1008,8.0
4-185575-B-20.wav,/home/codespace/.cache/kagglehub/datasets/mmoreaux/environmental-sound-classification-50/versions/15/audio/audio/4-185575-B-20.wav,5000.0,9,CRYING_BABY,ESC-50,1438,9.0
2-50666-A-20.wav,/home/codespace/.cache/kagglehub/datasets/mmoreaux/environmental-sound-classification-50/versions/15/audio/audio/2-50666-A-20.wav,5000.0,9,CRYING_BABY,ESC-50,644,9.0
1-60997-B-20.wav,/home/codespace/.cache/kagglehub/datasets/mmoreaux/environmental-sound-classification-50/versions/15/audio/audio/1-60997-B-20.wav,5000.0,9,CRYING_BABY,ESC-50,301,9.0
3-151081-A-20.wav,/home/codespace/.cache/kagglehub/datasets/mmoreaux/environmental-sound-classification-50/versions/15/audio/audio/3-151081-A-20.wav,5000.0,9,CRYING_BABY,ESC-50,996,9.0
1-81001-B-30.wav,/home/codespace/.cache/kagglehub/datasets/mmoreaux/environmental-sound-classification-50/versions/15/audio/audio/1-81001-B-30.wav,5000.0,19,DOOR_KNOCK,ESC-50,363,0.0
4-261068-A-30.wav,/home/codespace/.cache/kagglehub/datasets/mmoreaux/environmental-sound-classification-50/versions/15/audio/audio/4-261068-A-30.wav,5000.0,19,DOOR_KNOCK,ESC-50,1586,0.0
2-118624-A-30.wav,/home/codespace/.cache/kagglehub/datasets/mmoreaux/environmental-sound-classification-50/versions/15/audio/audio/2-118624-A-30.wav,5000.0,19,DOOR_KNOCK,ESC-50,500,0.0
1-81001-A-30.wav,/home/codespace/.cache/kagglehub/datasets/mmoreaux/environmental-sound-classification-50/versions/15/audio/audio/1-81001-A-30.wav,5000.0,19,DOOR_KNOCK,ESC-50,362,0.0
2-120218-A-30.wav,/home/codespace/.cache/kagglehub/datasets/mmoreaux/environmental-sound-classification-50/versions/15/audio/audio/2-120218-A-30.wav,5000.0,19,DOOR_KNOCK,ESC-50,510,1.0
3-170574-A-30.wav,/home/codespace/.cache/kagglehub/datasets/mmoreaux/environmental-sound-classification-50/versions/15/audio/audio/3-170574-A-30.wav,5000.0,19,DOOR_KNOCK,ESC-50,1101,1.0
3-144510-A-30.wav,/home/codespace/.cache/kagglehub/datasets/mmoreaux/environmental-sound-classification-50/versions/15/audio/audio/3-144510-A-30.wav,5000.0,19,DOOR_KNOCK,ESC-50,961,1.0
3-152594-A-30.wav,/home/codespace/.cache/kagglehub/datasets/mmoreaux/environmental-sound-classification-50/versions/15/audio/audio/3-152594-A-30.wav,5000.0,19,DOOR_KNOCK,ESC-50,1017,1.0
1-52290-A-30.wav,/home/codespace/.cache/kagglehub/datasets/mmoreaux/environmental-sound-classification-50/versions/15/audio/audio/1-52290-A-30.wav,5000.0,19,DOOR_KNOCK,ESC-50,261,2.0
1-82817-A-30.wav,/home/codespace/.cache/kagglehub/datasets/mmoreaux/environmental-sound-classification-50/versions/15/audio/audio/1-82817-A-30.wav,5000.0,19,DOOR_KNOCK,ESC-50,367,2.0
3-151089-A-30.wav,/home/codespace/.cache/kagglehub/datasets/mmoreaux/environmental-sound-classification-50/versions/15/audio/audio/3-151089-A-30.wav,5000.0,19,DOOR_KNOCK,ESC-50,998,2.0
2-134915-A-30.wav,/home/codespace/.cache/kagglehub/datasets/mmoreaux/environmental-sound-classification-50/versions/15/audio/audio/2-134915-A-30.wav,5000.0,19,DOOR_KNOCK,ESC-50,553,2.0
2-133889-A-30.wav,/home/codespace/.cache/kagglehub/datasets/mmoreaux/environmental-sound-classification-50/versions/15/audio/audio/2-133889-A-30.wav,5000.0,19,DOOR_KNOCK,ESC-50,550,3.0
4-188878-A-30.wav,/home/codespace/.cache/kagglehub/datasets/mmoreaux/environmental-sound-classification-50/versions/15/audio/audio/4-188878-A-30.wav,5000.0,19,DOOR_KNOCK,ESC-50,1468,3.0
3-180147-A-30.wav,/home/codespace/.cache/kagglehub/datasets/mmoreaux/environmental-sound-classification-50/versions/15/audio/audio/3-180147-A-30.wav,5000.0,19,DOOR_KNOCK,ESC-50,1115,3.0
2-118625-A-30.wav,/home/codespace/.cache/kagglehub/datasets/mmoreaux/environmental-sound-classification-50/versions/15/audio/audio/2-118625-A-30.wav,5000.0,19,DOOR_KNOCK,ESC-50,501,3.0
2-114254-A-30.wav,/home/codespace/.cache/kagglehub/datasets/mmoreaux/environmental-sound-classification-50/versions/15/audio/audio/2-114254-A-30.wav,5000.0,19,DOOR_KNOCK,ESC-50,477,4.0
4-187284-A-30.wav,/home/codespace/.cache/kagglehub/datasets/mmoreaux/environmental-sound-classification-50/versions/15/audio/audio/4-187284-A-30.wav,5000.0,19,DOOR_KNOCK,ESC-50,1449,4.0
5-251426-B-30.wav,/home/codespace/.cache/kagglehub/datasets/mmoreaux/environmental-sound-classification-50/versions/15/audio/audio/5-251426-B-30.wav,5000.0,19,DOOR_KNOCK,ESC-50,1948,4.0
4-211502-A-30.wav,/home/codespace/.cache/kagglehub/datasets/mmoreaux/environmental-sound-classification-50/versions/15/audio/audio/4-211502-A-30.wav,5000.0,19,DOOR_KNOCK,ESC-50,1548,4.0
1-103999-A-30.wav,/home/codespace/.cache/kagglehub/datasets/mmoreaux/environmental-sound-classification-50/versions/15/audio/audio/1-103999-A-30.wav,5000.0,19,DOOR_KNOCK,ESC-50,10,5.0
5-218981-A-30.wav,/home/codespace/.cache/kagglehub/datasets/mmoreaux/environmental-sound-classification-50/versions/15/audio/audio/5-218981-A-30.wav,5000.0,19,DOOR_KNOCK,ESC-50,1840,5.0
4-182034-A-30.wav,/home/codespace/.cache/kagglehub/datasets/mmoreaux/environmental-sound-classification-50/versions/15/audio/audio/4-182034-A-30.wav,5000.0,19,DOOR_KNOCK,ESC-50,1416,5.0
1-26188-A-30.wav,/home/codespace/.cache/kagglehub/datasets/mmoreaux/environmental-sound-classification-50/versions/15/audio/audio/1-26188-A-30.wav,5000.0,19,DOOR_KNOCK,ESC-50,139,5.0
1-101336-A-30.wav,/home/codespace/.cache/kagglehub/datasets/mmoreaux/environmental-sound-classification-50/versions/15/audio/audio/1-101336-A-30.wav,5000.0,19,DOOR_KNOCK,ESC-50,6,6.0
5-251426-A-30.wav,/home/codespace/.cache/kagglehub/datasets/mmoreaux/environmental-sound-classification-50/versions/15/audio/audio/5-251426-A-30.wav,5000.0,19,DOOR_KNOCK,ESC-50,1947,6.0
3-182023-A-30.wav,/home/codespace/.cache/kagglehub/datasets/mmoreaux/environmental-sound-classification-50/versions/15/audio/audio/3-182023-A-30.wav,5000.0,19,DOOR_KNOCK,ESC-50,1120,6.0
5-256512-A-30.wav,/home/codespace/.cache/kagglehub/datasets/mmoreaux/environmental-sound-classification-50/versions/15/audio/audio/5-256512-A-30.wav,5000.0,19,DOOR_KNOCK,ESC-50,1969,6.0
4-182039-A-30.wav,/home/codespace/.cache/kagglehub/datasets/mmoreaux/environmental-sound-classification-50/versions/15/audio/audio/4-182039-A-30.wav,5000.0,19,DOOR_KNOCK,ESC-50,1417,7.0
5-235644-A-30.wav,/home/codespace/.cache/kagglehub/datasets/mmoreaux/environmental-sound-classification-50/versions/15/audio/audio/5-235644-A-30.wav,5000.0,19,DOOR_KNOCK,ESC-50,1893,7.0
2-140841-A-30.wav,/home/codespace/.cache/kagglehub/datasets/mmoreaux/environmental-sound-classification-50/versions/15/audio/audio/2-140841-A-30.wav,5000.0,19,DOOR_KNOCK,ESC-50,566,7.0
2-120218-B-30.wav,/home/codespace/.cache/kagglehub/datasets/mmoreaux/environmental-sound-classification-50/versions/15/audio/audio/2-120218-B-30.wav,5000.0,19,DOOR_KNOCK,ESC-50,511,7.0
5-250026-A-30.wav,/home/codespace/.cache/kagglehub/datasets/mmoreaux/environmental-sound-classification-50/versions/15/audio/audio/5-250026-A-30.wav,5000.0,19,DOOR_KNOCK,ESC-50,1942,8.0
3-182025-A-30.wav,/home/codespace/.cache/kagglehub/datasets/mmoreaux/environmental-sound-classification-50/versions/15/audio/audio/3-182025-A-30.wav,5000.0,19,DOOR_KNOCK,ESC-50,1121,8.0
1-103995-A-30.wav,/home/codespace/.cache/kagglehub/datasets/mmoreaux/environmental-sound-classification-50/versions/15/audio/audio/1-103995-A-30.wav,5000.0,19,DOOR_KNOCK,ESC-50,9,8.0
5-218980-A-30.wav,/home/codespace/.cache/kagglehub/datasets/mmoreaux/environmental-sound-classification-50/versions/15/audio/audio/5-218980-A-30.wav,5000.0,19,DOOR_KNOCK,ESC-50,1839,8.0
4-182041-A-30.wav,/home/codespace/.cache/kagglehub/datasets/mmoreaux/environmental-sound-classification-50/versions/15/audio/audio/4-182041-A-30.wav,5000.0,19,DOOR_KNOCK,ESC-50,1418,9.0
3-154378-A-30.wav,/home/codespace/.cache/kagglehub/datasets/mmoreaux/environmental-sound-classification-50/versions/15/audio/audio/3-154378-A-30.wav,5000.0,19,DOOR_KNOCK,ESC-50,1022,9.0
4-186518-A-30.wav,/home/codespace/.cache/kagglehub/datasets/mmoreaux/environmental-sound-classification-50/versions/15/audio/audio/4-186518-A-30.wav,5000.0,19,DOOR_KNOCK,ESC-50,1442,9.0
5-250026-B-30.wav,/home/codespace/.cache/kagglehub/datasets/mmoreaux/environmental-sound-classification-50/versions/15/audio/audio/5-250026-B-30.wav,5000.0,19,DOOR_KNOCK,ESC-50,1943,9.0
5-186924-A-12.wav,/home/codespace/.cache/kagglehub/datasets/mmoreaux/environmental-sound-classification-50/versions/15/audio/audio/5-186924-A-12.wav,5000.0,17,FIRE,ESC-50,1683,0.0
3-157187-A-12.wav,/home/codespace/.cache/kagglehub/datasets/mmoreaux/environmental-sound-classification-50/versions/15/audio/audio/3-157187-A-12.wav,5000.0,17,FIRE,ESC-50,1051,0.0
2-61311-A-12.wav,/home/codespace/.cache/kagglehub/datasets/mmoreaux/environmental-sound-classification-50/versions/15/audio/audio/2-61311-A-12.wav,5000.0,17,FIRE,ESC-50,674,0.0
2-18766-A-12.wav,/home/codespace/.cache/kagglehub/datasets/mmoreaux/environmental-sound-classification-50/versions/15/audio/audio/2-18766-A-12.wav,5000.0,17,FIRE,ESC-50,600,0.0
5-213802-A-12.wav,/home/codespace/.cache/kagglehub/datasets/mmoreaux/environmental-sound-classification-50/versions/15/audio/audio/5-213802-A-12.wav,5000.0,17,FIRE,ESC-50,1806,1.0
5-189237-A-12.wav,/home/codespace/.cache/kagglehub/datasets/mmoreaux/environmental-sound-classification-50/versions/15/audio/audio/5-189237-A-12.wav,5000.0,17,FIRE,ESC-50,1696,1.0
4-164661-B-12.wav,/home/codespace/.cache/kagglehub/datasets/mmoreaux/environmental-sound-classification-50/versions/15/audio/audio/4-164661-B-12.wav,5000.0,17,FIRE,ESC-50,1324,1.0
1-17808-A-12.wav,/home/codespace/.cache/kagglehub/datasets/mmoreaux/environmental-sound-classification-50/versions/15/audio/audio/1-17808-A-12.wav,5000.0,17,FIRE,ESC-50,66,1.0
2-30322-A-12.wav,/home/codespace/.cache/kagglehub/datasets/mmoreaux/environmental-sound-classification-50/versions/15/audio/audio/2-30322-A-12.wav,5000.0,17,FIRE,ESC-50,622,2.0
4-182369-A-12.wav,/home/codespace/.cache/kagglehub/datasets/mmoreaux/environmental-sound-classification-50/versions/15/audio/audio/4-182369-A-12.wav,5000.0,17,FIRE,ESC-50,1422,2.0
5-189212-A-12.wav,/home/codespace/.cache/kagglehub/datasets/mmoreaux/environmental-sound-classification-50/versions/15/audio/audio/5-189212-A-12.wav,5000.0,17,FIRE,ESC-50,1695,2.0
4-170247-B-12.wav,/home/codespace/.cache/kagglehub/datasets/mmoreaux/environmental-sound-classification-50/versions/15/audio/audio/4-170247-B-12.wav,5000.0,17,FIRE,ESC-50,1355,2.0
1-17808-B-12.wav,/home/codespace/.cache/kagglehub/datasets/mmoreaux/environmental-sound-classification-50/versions/15/audio/audio/1-17808-B-12.wav,5000.0,17,FIRE,ESC-50,67,3.0
3-147965-A-12.wav,/home/codespace/.cache/kagglehub/datasets/mmoreaux/environmental-sound-classification-50/versions/15/audio/audio/3-147965-A-12.wav,5000.0,17,FIRE,ESC-50,982,3.0
1-17565-A-12.wav,/home/codespace/.cache/kagglehub/datasets/mmoreaux/environmental-sound-classification-50/versions/15/audio/audio/1-17565-A-12.wav,5000.0,17,FIRE,ESC-50,63,3.0
2-28314-B-12.wav,/home/codespace/.cache/kagglehub/datasets/mmoreaux/environmental-sound-classification-50/versions/15/audio/audio/2-28314-B-12.wav,5000.0,17,FIRE,ESC-50,621,3.0
5-193473-B-12.wav,/home/codespace/.cache/kagglehub/datasets/mmoreaux/environmental-sound-classification-50/versions/15/audio/audio/5-193473-B-12.wav,5000.0,17,FIRE,ESC-50,1703,4.0
3-104632-A-12.wav,/home/codespace/.cache/kagglehub/datasets/mmoreaux/environmental-sound-classification-50/versions/15/audio/audio/3-104632-A-12.wav,5000.0,17,FIRE,ESC-50,821,4.0
5-193473-A-12.wav,/home/codespace/.cache/kagglehub/datasets/mmoreaux/environmental-sound-classification-50/versions/15/audio/audio/5-193473-A-12.wav,5000.0,17,FIRE,ESC-50,1702,4.0
3-145774-A-12.wav,/home/codespace/.cache/kagglehub/datasets/mmoreaux/environmental-sound-classification-50/versions/15/audio/audio/3-145774-A-12.wav,5000.0,17,FIRE,ESC-50,972,4.0
1-4211-A-12.wav,/home/codespace/.cache/kagglehub/datasets/mmoreaux/environmental-sound-classification-50/versions/15/audio/audio/1-4211-A-12.wav,5000.0,17,FIRE,ESC-50,204,5.0
2-30322-B-12.wav,/home/codespace/.cache/kagglehub/datasets/mmoreaux/environmental-sound-classification-50/versions/15/audio/audio/2-30322-B-12.wav,5000.0,17,FIRE,ESC-50,623,5.0
3-120644-A-12.wav,/home/codespace/.cache/kagglehub/datasets/mmoreaux/environmental-sound-classification-50/versions/15/audio/audio/3-120644-A-12.wav,5000.0,17,FIRE,ESC-50,877,5.0
2-18766-B-12.wav,/home/codespace/.cache/kagglehub/datasets/mmoreaux/environmental-sound-classification-50/versions/15/audio/audio/2-18766-B-12.wav,5000.0,17,FIRE,ESC-50,601,5.0
4-170247-A-12.wav,/home/codespace/.cache/kagglehub/datasets/mmoreaux/environmental-sound-classification-50/versions/15/audio/audio/4-170247-A-12.wav,5000.0,17,FIRE,ESC-50,1354,6.0
2-65747-A-12.wav,/home/codespace/.cache/kagglehub/datasets/mmoreaux/environmental-sound-classification-50/versions/15/audio/audio/2-65747-A-12.wav,5000.0,17,FIRE,ESC-50,681,6.0
3-65748-A-12.wav,/home/codespace/.cache/kagglehub/datasets/mmoreaux/environmental-sound-classification-50/versions/15/audio/audio/3-65748-A-12.wav,5000.0,17,FIRE,ESC-50,1169,6.0
4-181563-A-12.wav,/home/codespace/.cache/kagglehub/datasets/mmoreaux/environmental-sound-classification-50/versions/15/audio/audio/4-181563-A-12.wav,5000.0,17,FIRE,ESC-50,1406,6.0
3-104958-A-12.wav,/home/codespace/.cache/kagglehub/datasets/mmoreaux/environmental-sound-classification-50/versions/15/audio/audio/3-104958-A-12.wav,5000.0,17,FIRE,ESC-50,824,7.0
1-46272-A-12.wav,/home/codespace/.cache/kagglehub/datasets/mmoreaux/environmental-sound-classification-50/versions/15/audio/audio/1-46272-A-12.wav,5000.0,17,FIRE,ESC-50,217,7.0
5-215658-B-12.wav,/home/codespace/.cache/kagglehub/datasets/mmoreaux/environmental-sound-classification-50/versions/15/audio/audio/5-215658-B-12.wav,5000.0,17,FIRE,ESC-50,1824,7.0
4-164661-A-12.wav,/home/codespace/.cache/kagglehub/datasets/mmoreaux/environmental-sound-classification-50/versions/15/audio/audio/4-164661-A-12.wav,5000.0,17,FIRE,ESC-50,1323,7.0
1-7057-A-12.wav,/home/codespace/.cache/kagglehub/datasets/mmoreaux/environmental-sound-classification-50/versions/15/audio/audio/1-7057-A-12.wav,5000.0,17,FIRE,ESC-50,330,8.0
1-17150-A-12.wav,/home/codespace/.cache/kagglehub/datasets/mmoreaux/environmental-sound-classification-50/versions/15/audio/audio/1-17150-A-12.wav,5000.0,17,FIRE,ESC-50,54,8.0
4-182368-A-12.wav,/home/codespace/.cache/kagglehub/datasets/mmoreaux/environmental-sound-classification-50/versions/15/audio/audio/4-182368-A-12.wav,5000.0,17,FIRE,ESC-50,1421,8.0
2-28314-A-12.wav,/home/codespace/.cache/kagglehub/datasets/mmoreaux/environmental-sound-classification-50/versions/15/audio/audio/2-28314-A-12.wav,5000.0,17,FIRE,ESC-50,620,8.0
3-158476-A-12.wav,/home/codespace/.cache/kagglehub/datasets/mmoreaux/environmental-sound-classification-50/versions/15/audio/audio/3-158476-A-12.wav,5000.0,17,FIRE,ESC-50,1058,9.0
5-215658-A-12.wav,/home/codespace/.cache/kagglehub/datasets/mmoreaux/environmental-sound-classification-50/versions/15/audio/audio/5-215658-A-12.wav,5000.0,17,FIRE,ESC-50,1823,9.0
4-171207-A-12.wav,/home/codespace/.cache/kagglehub/datasets/mmoreaux/environmental-sound-classification-50/versions/15/audio/audio/4-171207-A-12.wav,5000.0,17,FIRE,ESC-50,1356,9.0
1-17742-A-12.wav,/home/codespace/.cache/kagglehub/datasets/mmoreaux/environmental-sound-classification-50/versions/15/audio/audio/1-17742-A-12.wav,5000.0,17,FIRE,ESC-50,65,9.0
3-119120-D-48.wav,/home/codespace/.cache/kagglehub/datasets/mmoreaux/environmental-sound-classification-50/versions/15/audio/audio/3-119120-D-48.wav,5000.0,10,FIRE_WORKS,ESC-50,871,0.0
1-115546-A-48.wav,/home/codespace/.cache/kagglehub/datasets/mmoreaux/environmental-sound-classification-50/versions/15/audio/audio/1-115546-A-48.wav,5000.0,10,FIRE_WORKS,ESC-50,20,0.0
3-172922-A-48.wav,/home/codespace/.cache/kagglehub/datasets/mmoreaux/environmental-sound-classification-50/versions/15/audio/audio/3-172922-A-48.wav,5000.0,10,FIRE_WORKS,ESC-50,1109,0.0
4-119647-A-48.wav,/home/codespace/.cache/kagglehub/datasets/mmoreaux/environmental-sound-classification-50/versions/15/audio/audio/4-119647-A-48.wav,5000.0,10,FIRE_WORKS,ESC-50,1212,0.0
1-25777-A-48.wav,/home/codespace/.cache/kagglehub/datasets/mmoreaux/environmental-sound-classification-50/versions/15/audio/audio/1-25777-A-48.wav,5000.0,10,FIRE_WORKS,ESC-50,131,1.0
1-115545-B-48.wav,/home/codespace/.cache/kagglehub/datasets/mmoreaux/environmental-sound-classification-50/versions/15/audio/audio/1-115545-B-48.wav,5000.0,10,FIRE_WORKS,ESC-50,18,1.0
5-160614-G-48.wav,/home/codespace/.cache/kagglehub/datasets/mmoreaux/environmental-sound-classification-50/versions/15/audio/audio/5-160614-G-48.wav,5000.0,10,FIRE_WORKS,ESC-50,1637,1.0
4-119648-B-48.wav,/home/codespace/.cache/kagglehub/datasets/mmoreaux/environmental-sound-classification-50/versions/15/audio/audio/4-119648-B-48.wav,5000.0,10,FIRE_WORKS,ESC-50,1217,1.0
2-117615-D-48.wav,/home/codespace/.cache/kagglehub/datasets/mmoreaux/environmental-sound-classification-50/versions/15/audio/audio/2-117615-D-48.wav,5000.0,10,FIRE_WORKS,ESC-50,489,2.0
3-119120-A-48.wav,/home/codespace/.cache/kagglehub/datasets/mmoreaux/environmental-sound-classification-50/versions/15/audio/audio/3-119120-A-48.wav,5000.0,10,FIRE_WORKS,ESC-50,868,2.0
4-119648-C-48.wav,/home/codespace/.cache/kagglehub/datasets/mmoreaux/environmental-sound-classification-50/versions/15/audio/audio/4-119648-C-48.wav,5000.0,10,FIRE_WORKS,ESC-50,1218,2.0
3-119120-C-48.wav,/home/codespace/.cache/kagglehub/datasets/mmoreaux/environmental-sound-classification-50/versions/15/audio/audio/3-119120-C-48.wav,5000.0,10,FIRE_WORKS,ESC-50,870,2.0
1-25781-A-48.wav,/home/codespace/.cache/kagglehub/datasets/mmoreaux/environmental-sound-classification-50/versions/15/audio/audio/1-25781-A-48.wav,5000.0,10,FIRE_WORKS,ESC-50,132,3.0
1-115545-A-48.wav,/home/codespace/.cache/kagglehub/datasets/mmoreaux/environmental-sound-classification-50/versions/15/audio/audio/1-115545-A-48.wav,5000.0,10,FIRE_WORKS,ESC-50,17,3.0
4-119648-D-48.wav,/home/codespace/.cache/kagglehub/datasets/mmoreaux/environmental-sound-classification-50/versions/15/audio/audio/4-119648-D-48.wav,5000.0,10,FIRE_WORKS,ESC-50,1219,3.0
5-160614-F-48.wav,/home/codespace/.cache/kagglehub/datasets/mmoreaux/environmental-sound-classification-50/versions/15/audio/audio/5-160614-F-48.wav,5000.0,10,FIRE_WORKS,ESC-50,1636,3.0
5-160614-E-48.wav,/home/codespace/.cache/kagglehub/datasets/mmoreaux/environmental-sound-classification-50/versions/15/audio/audio/5-160614-E-48.wav,5000.0,10,FIRE_WORKS,ESC-50,1635,4.0
5-160614-D-48.wav,/home/codespace/.cache/kagglehub/datasets/mmoreaux/environmental-sound-classification-50/versions/15/audio/audio/5-160614-D-48.wav,5000.0,10,FIRE_WORKS,ESC-50,1634,4.0
3-119120-E-48.wav,/home/codespace/.cache/kagglehub/datasets/mmoreaux/environmental-sound-classification-50/versions/15/audio/audio/3-119120-E-48.wav,5000.0,10,FIRE_WORKS,ESC-50,872,4.0
4-119647-C-48.wav,/home/codespace/.cache/kagglehub/datasets/mmoreaux/environmental-sound-classification-50/versions/15/audio/audio/4-119647-C-48.wav,5000.0,10,FIRE_WORKS,ESC-50,1214,4.0
4-119648-A-48.wav,/home/codespace/.cache/kagglehub/datasets/mmoreaux/environmental-sound-classification-50/versions/15/audio/audio/4-119648-A-48.wav,5000.0,10,FIRE_WORKS,ESC-50,1216,5.0
2-165801-A-48.wav,/home/codespace/.cache/kagglehub/datasets/mmoreaux/environmental-sound-classification-50/versions/15/audio/audio/2-165801-A-48.wav,5000.0,10,FIRE_WORKS,ESC-50,590,5.0
2-117615-E-48.wav,/home/codespace/.cache/kagglehub/datasets/mmoreaux/environmental-sound-classification-50/versions/15/audio/audio/2-117615-E-48.wav,5000.0,10,FIRE_WORKS,ESC-50,490,5.0
2-117615-A-48.wav,/home/codespace/.cache/kagglehub/datasets/mmoreaux/environmental-sound-classification-50/versions/15/audio/audio/2-117615-A-48.wav,5000.0,10,FIRE_WORKS,ESC-50,486,5.0
3-172881-A-48.wav,/home/codespace/.cache/kagglehub/datasets/mmoreaux/environmental-sound-classification-50/versions/15/audio/audio/3-172881-A-48.wav,5000.0,10,FIRE_WORKS,ESC-50,1108,6.0
3-251617-A-48.wav,/home/codespace/.cache/kagglehub/datasets/mmoreaux/environmental-sound-classification-50/versions/15/audio/audio/3-251617-A-48.wav,5000.0,10,FIRE_WORKS,ESC-50,1152,6.0
2-117616-A-48.wav,/home/codespace/.cache/kagglehub/datasets/mmoreaux/environmental-sound-classification-50/versions/15/audio/audio/2-117616-A-48.wav,5000.0,10,FIRE_WORKS,ESC-50,491,6.0
2-117617-A-48.wav,/home/codespace/.cache/kagglehub/datasets/mmoreaux/environmental-sound-classification-50/versions/15/audio/audio/2-117617-A-48.wav,5000.0,10,FIRE_WORKS,ESC-50,492,6.0
4-119647-D-48.wav,/home/codespace/.cache/kagglehub/datasets/mmoreaux/environmental-sound-classification-50/versions/15/audio/audio/4-119647-D-48.wav,5000.0,10,FIRE_WORKS,ESC-50,1215,7.0
1-115545-C-48.wav,/home/codespace/.cache/kagglehub/datasets/mmoreaux/environmental-sound-classification-50/versions/15/audio/audio/1-115545-C-48.wav,5000.0,10,FIRE_WORKS,ESC-50,19,7.0
5-160614-B-48.wav,/home/codespace/.cache/kagglehub/datasets/mmoreaux/environmental-sound-classification-50/versions/15/audio/audio/5-160614-B-48.wav,5000.0,10,FIRE_WORKS,ESC-50,1632,7.0
2-117615-B-48.wav,/home/codespace/.cache/kagglehub/datasets/mmoreaux/environmental-sound-classification-50/versions/15/audio/audio/2-117615-B-48.wav,5000.0,10,FIRE_WORKS,ESC-50,487,7.0
4-119647-B-48.wav,/home/codespace/.cache/kagglehub/datasets/mmoreaux/environmental-sound-classification-50/versions/15/audio/audio/4-119647-B-48.wav,5000.0,10,FIRE_WORKS,ESC-50,1213,8.0
5-160614-A-48.wav,/home/codespace/.cache/kagglehub/datasets/mmoreaux/environmental-sound-classification-50/versions/15/audio/audio/5-160614-A-48.wav,5000.0,10,FIRE_WORKS,ESC-50,1631,8.0
5-160614-C-48.wav,/home/codespace/.cache/kagglehub/datasets/mmoreaux/environmental-sound-classification-50/versions/15/audio/audio/5-160614-C-48.wav,5000.0,10,FIRE_WORKS,ESC-50,1633,8.0
1-160563-A-48.wav,/home/codespace/.cache/kagglehub/datasets/mmoreaux/environmental-sound-classification-50/versions/15/audio/audio/1-160563-A-48.wav,5000.0,10,FIRE_WORKS,ESC-50,47,8.0
5-160614-H-48.wav,/home/codespace/.cache/kagglehub/datasets/mmoreaux/environmental-sound-classification-50/versions/15/audio/audio/5-160614-H-48.wav,5000.0,10,FIRE_WORKS,ESC-50,1638,9.0
2-117615-C-48.wav,/home/codespace/.cache/kagglehub/datasets/mmoreaux/environmental-sound-classification-50/versions/15/audio/audio/2-117615-C-48.wav,5000.0,10,FIRE_WORKS,ESC-50,488,9.0
1-160563-B-48.wav,/home/codespace/.cache/kagglehub/datasets/mmoreaux/environmental-sound-classification-50/versions/15/audio/audio/1-160563-B-48.wav,5000.0,10,FIRE_WORKS,ESC-50,48,9.0
3-119120-B-48.wav,/home/codespace/.cache/kagglehub/datasets/mmoreaux/environmental-sound-classification-50/versions/15/audio/audio/3-119120-B-48.wav,5000.0,10,FIRE_WORKS,ESC-50,869,9.0
3-103599-B-25.wav,/home/codespace/.cache/kagglehub/datasets/mmoreaux/environmental-sound-classification-50/versions/15/audio/audio/3-103599-B-25.wav,5000.0,16,FOOTSTEPS,ESC-50,820,0.0
2-209476-A-25.wav,/home/codespace/.cache/kagglehub/datasets/mmoreaux/environmental-sound-classification-50/versions/15/audio/audio/2-209476-A-25.wav,5000.0,16,FOOTSTEPS,ESC-50,613,0.0
2-209475-A-25.wav,/home/codespace/.cache/kagglehub/datasets/mmoreaux/environmental-sound-classification-50/versions/15/audio/audio/2-209475-A-25.wav,5000.0,16,FOOTSTEPS,ESC-50,612,0.0
5-263490-A-25.wav,/home/codespace/.cache/kagglehub/datasets/mmoreaux/environmental-sound-classification-50/versions/15/audio/audio/5-263490-A-25.wav,5000.0,16,FOOTSTEPS,ESC-50,1989,0.0
3-94344-A-25.wav,/home/codespace/.cache/kagglehub/datasets/mmoreaux/environmental-sound-classification-50/versions/15/audio/audio/3-94344-A-25.wav,5000.0,16,FOOTSTEPS,ESC-50,1186,1.0
4-198962-A-25.wav,/home/codespace/.cache/kagglehub/datasets/mmoreaux/environmental-sound-classification-50/versions/15/audio/audio/4-198962-A-25.wav,5000.0,16,FOOTSTEPS,ESC-50,1512,1.0
1-51147-A-25.wav,/home/codespace/.cache/kagglehub/datasets/mmoreaux/environmental-sound-classification-50/versions/15/audio/audio/1-51147-A-25.wav,5000.0,16,FOOTSTEPS,ESC-50,248,1.0
5-51149-A-25.wav,/home/codespace/.cache/kagglehub/datasets/mmoreaux/environmental-sound-classification-50/versions/15/audio/audio/5-51149-A-25.wav,5000.0,16,FOOTSTEPS,ESC-50,1997,1.0
5-234855-A-25.wav,/home/codespace/.cache/kagglehub/datasets/mmoreaux/environmental-sound-classification-50/versions/15/audio/audio/5-234855-A-25.wav,5000.0,16,FOOTSTEPS,ESC-50,1887,2.0
4-117630-A-25.wav,/home/codespace/.cache/kagglehub/datasets/mmoreaux/environmental-sound-classification-50/versions/15/audio/audio/4-117630-A-25.wav,5000.0,16,FOOTSTEPS,ESC-50,1211,2.0
2-209477-A-25.wav,/home/codespace/.cache/kagglehub/datasets/mmoreaux/environmental-sound-classification-50/versions/15/audio/audio/2-209477-A-25.wav,5000.0,16,FOOTSTEPS,ESC-50,614,2.0
5-244310-A-25.wav,/home/codespace/.cache/kagglehub/datasets/mmoreaux/environmental-sound-classification-50/versions/15/audio/audio/5-244310-A-25.wav,5000.0,16,FOOTSTEPS,ESC-50,1927,2.0
4-117627-A-25.wav,/home/codespace/.cache/kagglehub/datasets/mmoreaux/environmental-sound-classification-50/versions/15/audio/audio/4-117627-A-25.wav,5000.0,16,FOOTSTEPS,ESC-50,1210,3.0
3-94343-A-25.wav,/home/codespace/.cache/kagglehub/datasets/mmoreaux/environmental-sound-classification-50/versions/15/audio/audio/3-94343-A-25.wav,5000.0,16,FOOTSTEPS,ESC-50,1185,3.0
5-263501-A-25.wav,/home/codespace/.cache/kagglehub/datasets/mmoreaux/environmental-sound-classification-50/versions/15/audio/audio/5-263501-A-25.wav,5000.0,16,FOOTSTEPS,ESC-50,1991,3.0
1-155858-E-25.wav,/home/codespace/.cache/kagglehub/datasets/mmoreaux/environmental-sound-classification-50/versions/15/audio/audio/1-155858-E-25.wav,5000.0,16,FOOTSTEPS,ESC-50,43,3.0
2-209474-A-25.wav,/home/codespace/.cache/kagglehub/datasets/mmoreaux/environmental-sound-classification-50/versions/15/audio/audio/2-209474-A-25.wav,5000.0,16,FOOTSTEPS,ESC-50,611,4.0
1-223162-A-25.wav,/home/codespace/.cache/kagglehub/datasets/mmoreaux/environmental-sound-classification-50/versions/15/audio/audio/1-223162-A-25.wav,5000.0,16,FOOTSTEPS,ESC-50,112,4.0
1-155858-C-25.wav,/home/codespace/.cache/kagglehub/datasets/mmoreaux/environmental-sound-classification-50/versions/15/audio/audio/1-155858-C-25.wav,5000.0,16,FOOTSTEPS,ESC-50,41,4.0
3-103598-A-25.wav,/home/codespace/.cache/kagglehub/datasets/mmoreaux/environmental-sound-classification-50/versions/15/audio/audio/3-103598-A-25.wav,5000.0,16,FOOTSTEPS,ESC-50,818,4.0
2-209471-A-25.wav,/home/codespace/.cache/kagglehub/datasets/mmoreaux/environmental-sound-classification-50/versions/15/audio/audio/2-209471-A-25.wav,5000.0,16,FOOTSTEPS,ESC-50,608,5.0
3-103599-A-25.wav,/home/codespace/.cache/kagglehub/datasets/mmoreaux/environmental-sound-classification-50/versions/15/audio/audio/3-103599-A-25.wav,5000.0,16,FOOTSTEPS,ESC-50,819,5.0
4-194981-A-25.wav,/home/codespace/.cache/kagglehub/datasets/mmoreaux/environmental-sound-classification-50/versions/15/audio/audio/4-194981-A-25.wav,5000.0,16,FOOTSTEPS,ESC-50,1493,5.0
2-209472-A-25.wav,/home/codespace/.cache/kagglehub/datasets/mmoreaux/environmental-sound-classification-50/versions/15/audio/audio/2-209472-A-25.wav,5000.0,16,FOOTSTEPS,ESC-50,609,5.0
2-209473-A-25.wav,/home/codespace/.cache/kagglehub/datasets/mmoreaux/environmental-sound-classification-50/versions/15/audio/audio/2-209473-A-25.wav,5000.0,16,FOOTSTEPS,ESC-50,610,6.0
4-218304-B-25.wav,/home/codespace/.cache/kagglehub/datasets/mmoreaux/environmental-sound-classification-50/versions/15/audio/audio/4-218304-B-25.wav,5000.0,16,FOOTSTEPS,ESC-50,1570,6.0
5-243025-A-25.wav,/home/codespace/.cache/kagglehub/datasets/mmoreaux/environmental-sound-classification-50/versions/15/audio/audio/5-243025-A-25.wav,5000.0,16,FOOTSTEPS,ESC-50,1915,6.0
1-155858-B-25.wav,/home/codespace/.cache/kagglehub/datasets/mmoreaux/environmental-sound-classification-50/versions/15/audio/audio/1-155858-B-25.wav,5000.0,16,FOOTSTEPS,ESC-50,40,6.0
1-155858-A-25.wav,/home/codespace/.cache/kagglehub/datasets/mmoreaux/environmental-sound-classification-50/versions/15/audio/audio/1-155858-A-25.wav,5000.0,16,FOOTSTEPS,ESC-50,39,7.0
1-155858-D-25.wav,/home/codespace/.cache/kagglehub/datasets/mmoreaux/environmental-sound-classification-50/versions/15/audio/audio/1-155858-D-25.wav,5000.0,16,FOOTSTEPS,ESC-50,42,7.0
1-155858-F-25.wav,/home/codespace/.cache/kagglehub/datasets/mmoreaux/environmental-sound-classification-50/versions/15/audio/audio/1-155858-F-25.wav,5000.0,16,FOOTSTEPS,ESC-50,44,7.0
3-94342-A-25.wav,/home/codespace/.cache/kagglehub/datasets/mmoreaux/environmental-sound-classification-50/versions/15/audio/audio/3-94342-A-25.wav,5000.0,16,FOOTSTEPS,ESC-50,1184,7.0
4-218304-A-25.wav,/home/codespace/.cache/kagglehub/datasets/mmoreaux/environmental-sound-classification-50/versions/15/audio/audio/4-218304-A-25.wav,5000.0,16,FOOTSTEPS,ESC-50,1569,8.0
5-234263-A-25.wav,/home/codespace/.cache/kagglehub/datasets/mmoreaux/environmental-sound-classification-50/versions/15/audio/audio/5-234263-A-25.wav,5000.0,16,FOOTSTEPS,ESC-50,1885,8.0
5-263491-A-25.wav,/home/codespace/.cache/kagglehub/datasets/mmoreaux/environmental-sound-classification-50/versions/15/audio/audio/5-263491-A-25.wav,5000.0,16,FOOTSTEPS,ESC-50,1990,8.0
3-103597-A-25.wav,/home/codespace/.cache/kagglehub/datasets/mmoreaux/environmental-sound-classification-50/versions/15/audio/audio/3-103597-A-25.wav,5000.0,16,FOOTSTEPS,ESC-50,817,8.0
4-194979-A-25.wav,/home/codespace/.cache/kagglehub/datasets/mmoreaux/environmental-sound-classification-50/versions/15/audio/audio/4-194979-A-25.wav,5000.0,16,FOOTSTEPS,ESC-50,1492,9.0
4-198962-B-25.wav,/home/codespace/.cache/kagglehub/datasets/mmoreaux/environmental-sound-classification-50/versions/15/audio/audio/4-198962-B-25.wav,5000.0,16,FOOTSTEPS,ESC-50,1513,9.0
3-249913-A-25.wav,/home/codespace/.cache/kagglehub/datasets/mmoreaux/environmental-sound-classification-50/versions/15/audio/audio/3-249913-A-25.wav,5000.0,16,FOOTSTEPS,ESC-50,1151,9.0
2-209478-A-25.wav,/home/codespace/.cache/kagglehub/datasets/mmoreaux/environmental-sound-classification-50/versions/15/audio/audio/2-209478-A-25.wav,5000.0,16,FOOTSTEPS,ESC-50,615,9.0
3-203377-A-39.wav,/home/codespace/.cache/kagglehub/datasets/mmoreaux/environmental-sound-classification-50/versions/15/audio/audio/3-203377-A-39.wav,5000.0,14,GLASS_BREAKING,ESC-50,1141,0.0
5-233607-A-39.wav,/home/codespace/.cache/kagglehub/datasets/mmoreaux/environmental-sound-classification-50/versions/15/audio/audio/5-233607-A-39.wav,5000.0,14,GLASS_BREAKING,ESC-50,1880,0.0
3-216284-A-39.wav,/home/codespace/.cache/kagglehub/datasets/mmoreaux/environmental-sound-classification-50/versions/15/audio/audio/3-216284-A-39.wav,5000.0,14,GLASS_BREAKING,ESC-50,1146,0.0
2-173607-A-39.wav,/home/codespace/.cache/kagglehub/datasets/mmoreaux/environmental-sound-classification-50/versions/15/audio/audio/2-173607-A-39.wav,5000.0,14,GLASS_BREAKING,ESC-50,595,0.0
5-260433-A-39.wav,/home/codespace/.cache/kagglehub/datasets/mmoreaux/environmental-sound-classification-50/versions/15/audio/audio/5-260433-A-39.wav,5000.0,14,GLASS_BREAKING,ESC-50,1980,1.0
1-88807-A-39.wav,/home/codespace/.cache/kagglehub/datasets/mmoreaux/environmental-sound-classification-50/versions/15/audio/audio/1-88807-A-39.wav,5000.0,14,GLASS_BREAKING,ESC-50,381,1.0
5-257642-A-39.wav,/home/codespace/.cache/kagglehub/datasets/mmoreaux/environmental-sound-classification-50/versions/15/audio/audio/5-257642-A-39.wav,5000.0,14,GLASS_BREAKING,ESC-50,1971,1.0
3-203373-A-39.wav,/home/codespace/.cache/kagglehub/datasets/mmoreaux/environmental-sound-classification-50/versions/15/audio/audio/3-203373-A-39.wav,5000.0,14,GLASS_BREAKING,ESC-50,1138,1.0
4-204115-A-39.wav,/home/codespace/.cache/kagglehub/datasets/mmoreaux/environmental-sound-classification-50/versions/15/audio/audio/4-204115-A-39.wav,5000.0,14,GLASS_BREAKING,ESC-50,1523,2.0
2-173559-A-39.wav,/home/codespace/.cache/kagglehub/datasets/mmoreaux/environmental-sound-classification-50/versions/15/audio/audio/2-173559-A-39.wav,5000.0,14,GLASS_BREAKING,ESC-50,594,2.0
4-212698-A-39.wav,/home/codespace/.cache/kagglehub/datasets/mmoreaux/environmental-sound-classification-50/versions/15/audio/audio/4-212698-A-39.wav,5000.0,14,GLASS_BREAKING,ESC-50,1552,2.0
3-203375-A-39.wav,/home/codespace/.cache/kagglehub/datasets/mmoreaux/environmental-sound-classification-50/versions/15/audio/audio/3-203375-A-39.wav,5000.0,14,GLASS_BREAKING,ESC-50,1140,2.0
1-85168-A-39.wav,/home/codespace/.cache/kagglehub/datasets/mmoreaux/environmental-sound-classification-50/versions/15/audio/audio/1-85168-A-39.wav,5000.0,14,GLASS_BREAKING,ESC-50,373,3.0
2-173618-A-39.wav,/home/codespace/.cache/kagglehub/datasets/mmoreaux/environmental-sound-classification-50/versions/15/audio/audio/2-173618-A-39.wav,5000.0,14,GLASS_BREAKING,ESC-50,596,3.0
4-204123-A-39.wav,/home/codespace/.cache/kagglehub/datasets/mmoreaux/environmental-sound-classification-50/versions/15/audio/audio/4-204123-A-39.wav,5000.0,14,GLASS_BREAKING,ESC-50,1526,3.0
1-84704-A-39.wav,/home/codespace/.cache/kagglehub/datasets/mmoreaux/environmental-sound-classification-50/versions/15/audio/audio/1-84704-A-39.wav,5000.0,14,GLASS_BREAKING,ESC-50,370,3.0
1-84705-A-39.wav,/home/codespace/.cache/kagglehub/datasets/mmoreaux/environmental-sound-classification-50/versions/15/audio/audio/1-84705-A-39.wav,5000.0,14,GLASS_BREAKING,ESC-50,371,4.0
4-204119-A-39.wav,/home/codespace/.cache/kagglehub/datasets/mmoreaux/environmental-sound-classification-50/versions/15/audio/audio/4-204119-A-39.wav,5000.0,14,GLASS_BREAKING,ESC-50,1524,4.0
4-204777-B-39.wav,/home/codespace/.cache/kagglehub/datasets/mmoreaux/environmental-sound-classification-50/versions/15/audio/audio/4-204777-B-39.wav,5000.0,14,GLASS_BREAKING,ESC-50,1533,4.0
2-250710-A-39.wav,/home/codespace/.cache/kagglehub/datasets/mmoreaux/environmental-sound-classification-50/versions/15/audio/audio/2-250710-A-39.wav,5000.0,14,GLASS_BREAKING,ESC-50,616,4.0
5-260434-A-39.wav,/home/codespace/.cache/kagglehub/datasets/mmoreaux/environmental-sound-classification-50/versions/15/audio/audio/5-260434-A-39.wav,5000.0,14,GLASS_BREAKING,ESC-50,1981,5.0
1-977-A-39.wav,/home/codespace/.cache/kagglehub/datasets/mmoreaux/environmental-sound-classification-50/versions/15/audio/audio/1-977-A-39.wav,5000.0,14,GLASS_BREAKING,ESC-50,393,5.0
1-20133-A-39.wav,/home/codespace/.cache/kagglehub/datasets/mmoreaux/environmental-sound-classification-50/versions/15/audio/audio/1-20133-A-39.wav,5000.0,14,GLASS_BREAKING,ESC-50,95,5.0
4-204777-C-39.wav,/home/codespace/.cache/kagglehub/datasets/mmoreaux/environmental-sound-classification-50/versions/15/audio/audio/4-204777-C-39.wav,5000.0,14,GLASS_BREAKING,ESC-50,1534,5.0
4-204777-A-39.wav,/home/codespace/.cache/kagglehub/datasets/mmoreaux/environmental-sound-classification-50/versions/15/audio/audio/4-204777-A-39.wav,5000.0,14,GLASS_BREAKING,ESC-50,1532,6.0
3-216280-A-39.wav,/home/codespace/.cache/kagglehub/datasets/mmoreaux/environmental-sound-classification-50/versions/15/audio/audio/3-216280-A-39.wav,5000.0,14,GLASS_BREAKING,ESC-50,1144,6.0
5-233605-A-39.wav,/home/codespace/.cache/kagglehub/datasets/mmoreaux/environmental-sound-classification-50/versions/15/audio/audio/5-233605-A-39.wav,5000.0,14,GLASS_BREAKING,ESC-50,1879,6.0
5-221528-A-39.wav,/home/codespace/.cache/kagglehub/datasets/mmoreaux/environmental-sound-classification-50/versions/15/audio/audio/5-221528-A-39.wav,5000.0,14,GLASS_BREAKING,ESC-50,1854,6.0
2-106881-A-39.wav,/home/codespace/.cache/kagglehub/datasets/mmoreaux/environmental-sound-classification-50/versions/15/audio/audio/2-106881-A-39.wav,5000.0,14,GLASS_BREAKING,ESC-50,442,7.0
4-204121-A-39.wav,/home/codespace/.cache/kagglehub/datasets/mmoreaux/environmental-sound-classification-50/versions/15/audio/audio/4-204121-A-39.wav,5000.0,14,GLASS_BREAKING,ESC-50,1525,7.0
5-260432-A-39.wav,/home/codespace/.cache/kagglehub/datasets/mmoreaux/environmental-sound-classification-50/versions/15/audio/audio/5-260432-A-39.wav,5000.0,14,GLASS_BREAKING,ESC-50,1979,7.0
3-203374-A-39.wav,/home/codespace/.cache/kagglehub/datasets/mmoreaux/environmental-sound-classification-50/versions/15/audio/audio/3-203374-A-39.wav,5000.0,14,GLASS_BREAKING,ESC-50,1139,7.0
5-221529-A-39.wav,/home/codespace/.cache/kagglehub/datasets/mmoreaux/environmental-sound-classification-50/versions/15/audio/audio/5-221529-A-39.wav,5000.0,14,GLASS_BREAKING,ESC-50,1855,8.0
2-112213-B-39.wav,/home/codespace/.cache/kagglehub/datasets/mmoreaux/environmental-sound-classification-50/versions/15/audio/audio/2-112213-B-39.wav,5000.0,14,GLASS_BREAKING,ESC-50,476,8.0
3-203371-A-39.wav,/home/codespace/.cache/kagglehub/datasets/mmoreaux/environmental-sound-classification-50/versions/15/audio/audio/3-203371-A-39.wav,5000.0,14,GLASS_BREAKING,ESC-50,1137,8.0
1-84536-A-39.wav,/home/codespace/.cache/kagglehub/datasets/mmoreaux/environmental-sound-classification-50/versions/15/audio/audio/1-84536-A-39.wav,5000.0,14,GLASS_BREAKING,ESC-50,369,8.0
2-141563-A-39.wav,/home/codespace/.cache/kagglehub/datasets/mmoreaux/environmental-sound-classification-50/versions/15/audio/audio/2-141563-A-39.wav,5000.0,14,GLASS_BREAKING,ESC-50,567,9.0
1-85184-A-39.wav,/home/codespace/.cache/kagglehub/datasets/mmoreaux/environmental-sound-classification-50/versions/15/audio/audio/1-85184-A-39.wav,5000.0,14,GLASS_BREAKING,ESC-50,374,9.0
3-216281-A-39.wav,/home/codespace/.cache/kagglehub/datasets/mmoreaux/environmental-sound-classification-50/versions/15/audio/audio/3-216281-A-39.wav,5000.0,14,GLASS_BREAKING,ESC-50,1145,9.0
2-112213-A-39.wav,/home/codespace/.cache/kagglehub/datasets/mmoreaux/environmental-sound-classification-50/versions/15/audio/audio/2-112213-A-39.wav,5000.0,14,GLASS_BREAKING,ESC-50,475,9.0
4-177250-A-10.wav,/home/codespace/.cache/kagglehub/datasets/mmoreaux/environmental-sound-classification-50/versions/15/audio/audio/4-177250-A-10.wav,5000.0,18,RAIN,ESC-50,1394,0.0
4-181286-A-10.wav,/home/codespace/.cache/kagglehub/datasets/mmoreaux/environmental-sound-classification-50/versions/15/audio/audio/4-181286-A-10.wav,5000.0,18,RAIN,ESC-50,1404,0.0
5-193339-A-10.wav,/home/codespace/.cache/kagglehub/datasets/mmoreaux/environmental-sound-classification-50/versions/15/audio/audio/5-193339-A-10.wav,5000.0,18,RAIN,ESC-50,1701,0.0
rain07.wav,/home/codespace/.cache/datasets/bdlib2/BDLib2/fold-2/rain07.wav,10000.0,18,RAIN,BDLIb2,35,0.0
3-157615-A-10.wav,/home/codespace/.cache/kagglehub/datasets/mmoreaux/environmental-sound-classification-50/versions/15/audio/audio/3-157615-A-10.wav,5000.0,18,RAIN,ESC-50,1054,1.0
rain12.wav,/home/codespace/.cache/datasets/bdlib2/BDLib2/fold-2/rain12.wav,10000.0,18,RAIN,BDLIb2,21,1.0
3-157149-A-10.wav,/home/codespace/.cache/kagglehub/datasets/mmoreaux/environmental-sound-classification-50/versions/15/audio/audio/3-157149-A-10.wav,5000.0,18,RAIN,ESC-50,1050,1.0
3-132852-A-10.wav,/home/codespace/.cache/kagglehub/datasets/mmoreaux/environmental-sound-classification-50/versions/15/audio/audio/3-132852-A-10.wav,5000.0,18,RAIN,ESC-50,913,1.0
5-203739-A-10.wav,/home/codespace/.cache/kagglehub/datasets/mmoreaux/environmental-sound-classification-50/versions/15/audio/audio/5-203739-A-10.wav,5000.0,18,RAIN,ESC-50,1762,2.0
rain11.wav,/home/codespace/.cache/datasets/bdlib2/BDLib2/fold-2/rain11.wav,10000.0,18,RAIN,BDLIb2,24,2.0
rain13.wav,/home/codespace/.cache/datasets/bdlib2/BDLib2/fold-3/rain13.wav,10000.0,18,RAIN,BDLIb2,36,2.0
2-81731-A-10.wav,/home/codespace/.cache/kagglehub/datasets/mmoreaux/environmental-sound-classification-50/versions/15/audio/audio/2-81731-A-10.wav,5000.0,18,RAIN,ESC-50,741,2.0
2-117625-A-10.wav,/home/codespace/.cache/kagglehub/datasets/mmoreaux/environmental-sound-classification-50/versions/15/audio/audio/2-117625-A-10.wav,5000.0,18,RAIN,ESC-50,493,3.0
rain08.wav,/home/codespace/.cache/datasets/bdlib2/BDLib2/fold-2/rain08.wav,10000.0,18,RAIN,BDLIb2,32,3.0
1-21189-A-10.wav,/home/codespace/.cache/kagglehub/datasets/mmoreaux/environmental-sound-classification-50/versions/15/audio/audio/1-21189-A-10.wav,5000.0,18,RAIN,ESC-50,107,3.0
1-54958-A-10.wav,/home/codespace/.cache/kagglehub/datasets/mmoreaux/environmental-sound-classification-50/versions/15/audio/audio/1-54958-A-10.wav,5000.0,18,RAIN,ESC-50,276,3.0
2-101676-A-10.wav,/home/codespace/.cache/kagglehub/datasets/mmoreaux/environmental-sound-classification-50/versions/15/audio/audio/2-101676-A-10.wav,5000.0,18,RAIN,ESC-50,402,4.0
rain16.wav,/home/codespace/.cache/datasets/bdlib2/BDLib2/fold-3/rain16.wav,10000.0,18,RAIN,BDLIb2,38,4.0
4-166661-A-10.wav,/home/codespace/.cache/kagglehub/datasets/mmoreaux/environmental-sound-classification-50/versions/15/audio/audio/4-166661-A-10.wav,5000.0,18,RAIN,ESC-50,1336,4.0
5-198321-A-10.wav,/home/codespace/.cache/kagglehub/datasets/mmoreaux/environmental-sound-classification-50/versions/15/audio/audio/5-198321-A-10.wav,5000.0,18,RAIN,ESC-50,1726,4.0
2-87781-A-10.wav,/home/codespace/.cache/kagglehub/datasets/mmoreaux/environmental-sound-classification-50/versions/15/audio/audio/2-87781-A-10.wav,5000.0,18,RAIN,ESC-50,770,5.0
1-63871-A-10.wav,/home/codespace/.cache/kagglehub/datasets/mmoreaux/environmental-sound-classification-50/versions/15/audio/audio/1-63871-A-10.wav,5000.0,18,RAIN,ESC-50,313,5.0
2-72970-A-10.wav,/home/codespace/.cache/kagglehub/datasets/mmoreaux/environmental-sound-classification-50/versions/15/audio/audio/2-72970-A-10.wav,5000.0,18,RAIN,ESC-50,710,5.0
3-143929-A-10.wav,/home/codespace/.cache/kagglehub/datasets/mmoreaux/environmental-sound-classification-50/versions/15/audio/audio/3-143929-A-10.wav,5000.0,18,RAIN,ESC-50,952,5.0
rain03.wav,/home/codespace/.cache/datasets/bdlib2/BDLib2/fold-1/rain03.wav,10000.0,18,RAIN,BDLIb2,3,6.0
rain17.wav,/home/codespace/.cache/datasets/bdlib2/BDLib2/fold-3/rain17.wav,10000.0,18,RAIN,BDLIb2,45,6.0
4-160999-A-10.wav,/home/codespace/.cache/kagglehub/datasets/mmoreaux/environmental-sound-classification-50/versions/15/audio/audio/4-160999-A-10.wav,5000.0,18,RAIN,ESC-50,1298,6.0
5-195710-A-10.wav,/home/codespace/.cache/kagglehub/datasets/mmoreaux/environmental-sound-classification-50/versions/15/audio/audio/5-195710-A-10.wav,5000.0,18,RAIN,ESC-50,1716,6.0
1-50060-A-10.wav,/home/codespace/.cache/kagglehub/datasets/mmoreaux/environmental-sound-classification-50/versions/15/audio/audio/1-50060-A-10.wav,5000.0,18,RAIN,ESC-50,238,7.0
3-142005-A-10.wav,/home/codespace/.cache/kagglehub/datasets/mmoreaux/environmental-sound-classification-50/versions/15/audio/audio/3-142005-A-10.wav,5000.0,18,RAIN,ESC-50,942,7.0
2-73027-A-10.wav,/home/codespace/.cache/kagglehub/datasets/mmoreaux/environmental-sound-classification-50/versions/15/audio/audio/2-73027-A-10.wav,5000.0,18,RAIN,ESC-50,711,7.0
rain09.wav,/home/codespace/.cache/datasets/bdlib2/BDLib2/fold-2/rain09.wav,10000.0,18,RAIN,BDLIb2,23,7.0
rain04.wav,/home/codespace/.cache/datasets/bdlib2/BDLib2/fold-1/rain04.wav,10000.0,18,RAIN,BDLIb2,5,8.0
1-29561-A-10.wav,/home/codespace/.cache/kagglehub/datasets/mmoreaux/environmental-sound-classification-50/versions/15/audio/audio/1-29561-A-10.wav,5000.0,18,RAIN,ESC-50,152,8.0
2-73260-A-10.wav,/home/codespace/.cache/kagglehub/datasets/mmoreaux/environmental-sound-classification-50/versions/15/audio/audio/2-73260-A-10.wav,5000.0,18,RAIN,ESC-50,713,8.0
rain01.wav,/home/codespace/.cache/datasets/bdlib2/BDLib2/fold-1/rain01.wav,10000.0,18,RAIN,BDLIb2,2,8.0
5-202898-A-10.wav,/home/codespace/.cache/kagglehub/datasets/mmoreaux/environmental-sound-classification-50/versions/15/audio/audio/5-202898-A-10.wav,5000.0,18,RAIN,ESC-50,1759,9.0
rain06.wav,/home/codespace/.cache/datasets/bdlib2/BDLib2/fold-1/rain06.wav,10000.0,18,RAIN,BDLIb2,11,9.0
rain14.wav,/home/codespace/.cache/datasets/bdlib2/BDLib2/fold-3/rain14.wav,10000.0,18,RAIN,BDLIb2,40,9.0
3-142006-A-10.wav,/home/codespace/.cache/kagglehub/datasets/mmoreaux/environmental-sound-classification-50/versions/15/audio/audio/3-142006-A-10.wav,5000.0,18,RAIN,ESC-50,943,9.0
123688-8-2-0.wav,/home/codespace/.cache/kagglehub/datasets/chrisfilo/urbansound8k/versions/1/audio/fold2/123688-8-2-0.wav,,1,SIREN,Urbansound8K,1049,0.0
148632-8-0-11.wav,/home/codespace/.cache/kagglehub/datasets/chrisfilo/urbansound8k/versions/1/audio/fold8/148632-8-0-11.wav,,1,SIREN,Urbansound8K,2024,0.0
24347-8-0-31.wav,/home/codespace/.cache/kagglehub/datasets/chrisfilo/urbansound8k/versions/1/audio/fold4/24347-8-0-31.wav,,1,SIREN,Urbansound8K,5778,0.0
57323-8-0-8.wav,/home/codespace/.cache/kagglehub/datasets/chrisfilo/urbansound8k/versions/1/audio/fold7/57323-8-0-8.wav,,1,SIREN,Urbansound8K,6888,0.0
159744-8-0-10.wav,/home/codespace/.cache/kagglehub/datasets/chrisfilo/urbansound8k/versions/1/audio/fold9/159744-8-0-10.wav,,1,SIREN,Urbansound8K,2659,1.0
124389-8-1-17.wav,/home/codespace/.cache/kagglehub/datasets/chrisfilo/urbansound8k/versions/1/audio/fold6/124389-8-1-17.wav,,1,SIREN,Urbansound8K,1063,1.0
22601-8-0-10.wav,/home/codespace/.cache/kagglehub/datasets/chrisfilo/urbansound8k/versions/1/audio/fold3/22601-8-0-10.wav,,1,SIREN,Urbansound8K,5589,1.0
148632-8-0-3.wav,/home/codespace/.cache/kagglehub/datasets/chrisfilo/urbansound8k/versions/1/audio/fold8/148632-8-0-3.wav,,1,SIREN,Urbansound8K,2033,1.0
113160-8-0-0.wav,/home/codespace/.cache/kagglehub/datasets/chrisfilo/urbansound8k/versions/1/audio/fold4/113160-8-0-0.wav,,1,SIREN,Urbansound8K,680,2.0
159751-8-0-11.wav,/home/codespace/.cache/kagglehub/datasets/chrisfilo/urbansound8k/versions/1/audio/fold4/159751-8-0-11.wav,,1,SIREN,Urbansound8K,2734,2.0
159748-8-0-8.wav,/home/codespace/.cache/kagglehub/datasets/chrisfilo/urbansound8k/versions/1/audio/fold9/159748-8-0-8.wav,,1,SIREN,Urbansound8K,2710,2.0
159747-8-0-15.wav,/home/codespace/.cache/kagglehub/datasets/chrisfilo/urbansound8k/versions/1/audio/fold2/159747-8-0-15.wav,,1,SIREN,Urbansound8K,2687,2.0
43805-8-3-0.wav,/home/codespace/.cache/kagglehub/datasets/chrisfilo/urbansound8k/versions/1/audio/fold7/43805-8-3-0.wav,,1,SIREN,Urbansound8K,6468,3.0
24347-8-0-76.wav,/home/codespace/.cache/kagglehub/datasets/chrisfilo/urbansound8k/versions/1/audio/fold4/24347-8-0-76.wav,,1,SIREN,Urbansound8K,5827,3.0
159752-8-0-1.wav,/home/codespace/.cache/kagglehub/datasets/chrisfilo/urbansound8k/versions/1/audio/fold4/159752-8-0-1.wav,,1,SIREN,Urbansound8K,2754,3.0
42117-8-0-0.wav,/home/codespace/.cache/kagglehub/datasets/chrisfilo/urbansound8k/versions/1/audio/fold3/42117-8-0-0.wav,,1,SIREN,Urbansound8K,6409,3.0
24347-8-0-13.wav,/home/codespace/.cache/kagglehub/datasets/chrisfilo/urbansound8k/versions/1/audio/fold4/24347-8-0-13.wav,,1,SIREN,Urbansound8K,5758,4.0
159744-8-0-11.wav,/home/codespace/.cache/kagglehub/datasets/chrisfilo/urbansound8k/versions/1/audio/fold9/159744-8-0-11.wav,,1,SIREN,Urbansound8K,2660,4.0
159744-8-0-6.wav,/home/codespace/.cache/kagglehub/datasets/chrisfilo/urbansound8k/versions/1/audio/fold9/159744-8-0-6.wav,,1,SIREN,Urbansound8K,2667,4.0
159751-8-0-15.wav,/home/codespace/.cache/kagglehub/datasets/chrisfilo/urbansound8k/versions/1/audio/fold4/159751-8-0-15.wav,,1,SIREN,Urbansound8K,2738,4.0
159747-8-0-14.wav,/home/codespace/.cache/kagglehub/datasets/chrisfilo/urbansound8k/versions/1/audio/fold2/159747-8-0-14.wav,,1,SIREN,Urbansound8K,2686,5.0
159742-8-0-6.wav,/home/codespace/.cache/kagglehub/datasets/chrisfilo/urbansound8k/versions/1/audio/fold10/159742-8-0-6.wav,,1,SIREN,Urbansound8K,2652,5.0
208652-8-0-0.wav,/home/codespace/.cache/kagglehub/datasets/chrisfilo/urbansound8k/versions/1/audio/fold10/208652-8-0-0.wav,,1,SIREN,Urbansound8K,5529,5.0
94636-8-0-16.wav,/home/codespace/.cache/kagglehub/datasets/chrisfilo/urbansound8k/versions/1/audio/fold3/94636-8-0-16.wav,,1,SIREN,Urbansound8K,8517,5.0
159748-8-2-2.wav,/home/codespace/.cache/kagglehub/datasets/chrisfilo/urbansound8k/versions/1/audio/fold9/159748-8-2-2.wav,,1,SIREN,Urbansound8K,2715,6.0
102853-8-0-3.wav,/home/codespace/.cache/kagglehub/datasets/chrisfilo/urbansound8k/versions/1/audio/fold7/102853-8-0-3.wav,,1,SIREN,Urbansound8K,117,6.0
1-76831-D-42.wav,/home/codespace/.cache/kagglehub/datasets/mmoreaux/environmental-sound-classification-50/versions/15/audio/audio/1-76831-D-42.wav,5000.0,1,SIREN,ESC-50,347,6.0
107357-8-1-17.wav,/home/codespace/.cache/kagglehub/datasets/chrisfilo/urbansound8k/versions/1/audio/fold7/107357-8-1-17.wav,,1,SIREN,Urbansound8K,526,6.0
22601-8-0-51.wav,/home/codespace/.cache/kagglehub/datasets/chrisfilo/urbansound8k/versions/1/audio/fold3/22601-8-0-51.wav,,1,SIREN,Urbansound8K,5634,7.0
107357-8-0-8.wav,/home/codespace/.cache/kagglehub/datasets/chrisfilo/urbansound8k/versions/1/audio/fold7/107357-8-0-8.wav,,1,SIREN,Urbansound8K,516,7.0
3-62878-B-42.wav,/home/codespace/.cache/kagglehub/datasets/mmoreaux/environmental-sound-classification-50/versions/15/audio/audio/3-62878-B-42.wav,5000.0,1,SIREN,ESC-50,1168,7.0
159748-8-1-0.wav,/home/codespace/.cache/kagglehub/datasets/chrisfilo/urbansound8k/versions/1/audio/fold9/159748-8-1-0.wav,,1,SIREN,Urbansound8K,2712,7.0
159745-8-1-0.wav,/home/codespace/.cache/kagglehub/datasets/chrisfilo/urbansound8k/versions/1/audio/fold9/159745-8-1-0.wav,,1,SIREN,Urbansound8K,2672,8.0
157867-8-0-23.wav,/home/codespace/.cache/kagglehub/datasets/chrisfilo/urbansound8k/versions/1/audio/fold1/157867-8-0-23.wav,,1,SIREN,Urbansound8K,2495,8.0
24347-8-0-97.wav,/home/codespace/.cache/kagglehub/datasets/chrisfilo/urbansound8k/versions/1/audio/fold4/24347-8-0-97.wav,,1,SIREN,Urbansound8K,5850,8.0
94636-8-0-21.wav,/home/codespace/.cache/kagglehub/datasets/chrisfilo/urbansound8k/versions/1/audio/fold3/94636-8-0-21.wav,,1,SIREN,Urbansound8K,8523,8.0
148632-8-0-17.wav,/home/codespace/.cache/kagglehub/datasets/chrisfilo/urbansound8k/versions/1/audio/fold8/148632-8-0-17.wav,,1,SIREN,Urbansound8K,2030,9.0
57323-8-2-0.wav,/home/codespace/.cache/kagglehub/datasets/chrisfilo/urbansound8k/versions/1/audio/fold7/57323-8-2-0.wav,,1,SIREN,Urbansound8K,6890,9.0
203913-8-1-3.wav,/home/codespace/.cache/kagglehub/datasets/chrisfilo/urbansound8k/versions/1/audio/fold5/203913-8-1-3.wav,,1,SIREN,Urbansound8K,5303,9.0
188004-8-0-1.wav,/home/codespace/.cache/kagglehub/datasets/chrisfilo/urbansound8k/versions/1/audio/fold6/188004-8-0-1.wav,,1,SIREN,Urbansound8K,4646,9.0
thunders16.wav,/home/codespace/.cache/datasets/bdlib2/BDLib2/fold-3/thunders16.wav,10000.0,8,THUNDER_STORM,BDLIb2,51,0.0
thunders11.wav,/home/codespace/.cache/datasets/bdlib2/BDLib2/fold-2/thunders11.wav,10000.0,8,THUNDER_STORM,BDLIb2,20,0.0
2-39945-B-19.wav,/home/codespace/.cache/kagglehub/datasets/mmoreaux/environmental-sound-classification-50/versions/15/audio/audio/2-39945-B-19.wav,5000.0,8,THUNDER_STORM,ESC-50,638,0.0
3-103051-C-19.wav,/home/codespace/.cache/kagglehub/datasets/mmoreaux/environmental-sound-classification-50/versions/15/audio/audio/3-103051-C-19.wav,5000.0,8,THUNDER_STORM,ESC-50,812,0.0
thunders02.wav,/home/codespace/.cache/datasets/bdlib2/BDLib2/fold-1/thunders02.wav,10000.0,8,THUNDER_STORM,BDLIb2,1,1.0
5-156999-B-19.wav,/home/codespace/.cache/kagglehub/datasets/mmoreaux/environmental-sound-classification-50/versions/15/audio/audio/5-156999-B-19.wav,5000.0,8,THUNDER_STORM,ESC-50,1624,1.0
5-192191-A-19.wav,/home/codespace/.cache/kagglehub/datasets/mmoreaux/environmental-sound-classification-50/versions/15/audio/audio/5-192191-A-19.wav,5000.0,8,THUNDER_STORM,ESC-50,1700,1.0
thunders05.wav,/home/codespace/.cache/datasets/bdlib2/BDLib2/fold-1/thunders05.wav,10000.0,8,THUNDER_STORM,BDLIb2,4,1.0
4-165813-A-19.wav,/home/codespace/.cache/kagglehub/datasets/mmoreaux/environmental-sound-classification-50/versions/15/audio/audio/4-165813-A-19.wav,5000.0,8,THUNDER_STORM,ESC-50,1329,2.0
thunders10.wav,/home/codespace/.cache/datasets/bdlib2/BDLib2/fold-2/thunders10.wav,10000.0,8,THUNDER_STORM,BDLIb2,34,2.0
thunders07.wav,/home/codespace/.cache/datasets/bdlib2/BDLib2/fold-2/thunders07.wav,10000.0,8,THUNDER_STORM,BDLIb2,27,2.0
3-103050-A-19.wav,/home/codespace/.cache/kagglehub/datasets/mmoreaux/environmental-sound-classification-50/versions/15/audio/audio/3-103050-A-19.wav,5000.0,8,THUNDER_STORM,ESC-50,809,2.0
thunders03.wav,/home/codespace/.cache/datasets/bdlib2/BDLib2/fold-1/thunders03.wav,10000.0,8,THUNDER_STORM,BDLIb2,10,3.0
1-24524-B-19.wav,/home/codespace/.cache/kagglehub/datasets/mmoreaux/environmental-sound-classification-50/versions/15/audio/audio/1-24524-B-19.wav,5000.0,8,THUNDER_STORM,ESC-50,127,3.0
3-103051-A-19.wav,/home/codespace/.cache/kagglehub/datasets/mmoreaux/environmental-sound-classification-50/versions/15/audio/audio/3-103051-A-19.wav,5000.0,8,THUNDER_STORM,ESC-50,810,3.0
thunders15.wav,/home/codespace/.cache/datasets/bdlib2/BDLib2/fold-3/thunders15.wav,10000.0,8,THUNDER_STORM,BDLIb2,49,3.0
4-125072-B-19.wav,/home/codespace/.cache/kagglehub/datasets/mmoreaux/environmental-sound-classification-50/versions/15/audio/audio/4-125072-B-19.wav,5000.0,8,THUNDER_STORM,ESC-50,1227,4.0
2-39945-A-19.wav,/home/codespace/.cache/kagglehub/datasets/mmoreaux/environmental-sound-classification-50/versions/15/audio/audio/2-39945-A-19.wav,5000.0,8,THUNDER_STORM,ESC-50,637,4.0
5-188495-A-19.wav,/home/codespace/.cache/kagglehub/datasets/mmoreaux/environmental-sound-classification-50/versions/15/audio/audio/5-188495-A-19.wav,5000.0,8,THUNDER_STORM,ESC-50,1689,4.0
3-123224-A-19.wav,/home/codespace/.cache/kagglehub/datasets/mmoreaux/environmental-sound-classification-50/versions/15/audio/audio/3-123224-A-19.wav,5000.0,8,THUNDER_STORM,ESC-50,881,4.0
1-24524-C-19.wav,/home/codespace/.cache/kagglehub/datasets/mmoreaux/environmental-sound-classification-50/versions/15/audio/audio/1-24524-C-19.wav,5000.0,8,THUNDER_STORM,ESC-50,128,5.0
4-125070-A-19.wav,/home/codespace/.cache/kagglehub/datasets/mmoreaux/environmental-sound-classification-50/versions/15/audio/audio/4-125070-A-19.wav,5000.0,8,THUNDER_STORM,ESC-50,1224,5.0
2-104105-A-19.wav,/home/codespace/.cache/kagglehub/datasets/mmoreaux/environmental-sound-classification-50/versions/15/audio/audio/2-104105-A-19.wav,5000.0,8,THUNDER_STORM,ESC-50,424,5.0
2-39443-B-19.wav,/home/codespace/.cache/kagglehub/datasets/mmoreaux/environmental-sound-classification-50/versions/15/audio/audio/2-39443-B-19.wav,5000.0,8,THUNDER_STORM,ESC-50,636,5.0
3-124600-A-19.wav,/home/codespace/.cache/kagglehub/datasets/mmoreaux/environmental-sound-classification-50/versions/15/audio/audio/3-124600-A-19.wav,5000.0,8,THUNDER_STORM,ESC-50,884,6.0
5-156999-E-19.wav,/home/codespace/.cache/kagglehub/datasets/mmoreaux/environmental-sound-classification-50/versions/15/audio/audio/5-156999-E-19.wav,5000.0,8,THUNDER_STORM,ESC-50,1627,6.0
1-115521-A-19.wav,/home/codespace/.cache/kagglehub/datasets/mmoreaux/environmental-sound-classification-50/versions/15/audio/audio/1-115521-A-19.wav,5000.0,8,THUNDER_STORM,ESC-50,16,6.0
thunders04.wav,/home/codespace/.cache/datasets/bdlib2/BDLib2/fold-1/thunders04.wav,10000.0,8,THUNDER_STORM,BDLIb2,7,6.0
5-156999-D-19.wav,/home/codespace/.cache/kagglehub/datasets/mmoreaux/environmental-sound-classification-50/versions/15/audio/audio/5-156999-D-19.wav,5000.0,8,THUNDER_STORM,ESC-50,1626,7.0
thunders06.wav,/home/codespace/.cache/datasets/bdlib2/BDLib2/fold-1/thunders06.wav,10000.0,8,THUNDER_STORM,BDLIb2,16,7.0
4-125071-A-19.wav,/home/codespace/.cache/kagglehub/datasets/mmoreaux/environmental-sound-classification-50/versions/15/audio/audio/4-125071-A-19.wav,5000.0,8,THUNDER_STORM,ESC-50,1225,7.0
thunders09.wav,/home/codespace/.cache/datasets/bdlib2/BDLib2/fold-2/thunders09.wav,10000.0,8,THUNDER_STORM,BDLIb2,25,7.0
1-23222-A-19.wav,/home/codespace/.cache/kagglehub/datasets/mmoreaux/environmental-sound-classification-50/versions/15/audio/audio/1-23222-A-19.wav,5000.0,8,THUNDER_STORM,ESC-50,119,8.0
1-101296-A-19.wav,/home/codespace/.cache/kagglehub/datasets/mmoreaux/environmental-sound-classification-50/versions/15/audio/audio/1-101296-A-19.wav,5000.0,8,THUNDER_STORM,ESC-50,4,8.0
3-144891-A-19.wav,/home/codespace/.cache/kagglehub/datasets/mmoreaux/environmental-sound-classification-50/versions/15/audio/audio/3-144891-A-19.wav,5000.0,8,THUNDER_STORM,ESC-50,965,8.0
thunders14.wav,/home/codespace/.cache/datasets/bdlib2/BDLib2/fold-3/thunders14.wav,10000.0,8,THUNDER_STORM,BDLIb2,44,8.0
1-101296-B-19.wav,/home/codespace/.cache/kagglehub/datasets/mmoreaux/environmental-sound-classification-50/versions/15/audio/audio/1-101296-B-19.wav,5000.0,8,THUNDER_STORM,ESC-50,5,9.0
1-23222-B-19.wav,/home/codespace/.cache/kagglehub/datasets/mmoreaux/environmental-sound-classification-50/versions/15/audio/audio/1-23222-B-19.wav,5000.0,8,THUNDER_STORM,ESC-50,120,9.0
5-156999-C-19.wav,/home/codespace/.cache/kagglehub/datasets/mmoreaux/environmental-sound-classification-50/versions/15/audio/audio/5-156999-C-19.wav,5000.0,8,THUNDER_STORM,ESC-50,1625,9.0
thunders17.wav,/home/codespace/.cache/datasets/bdlib2/BDLib2/fold-3/thunders17.wav,10000.0,8,THUNDER_STORM,BDLIb2,52,9.0
