file_name,file_path,length,class_id,class_name,sub_ds_name,sub_ds_index
217542__medartimus__car-breaking-skid-01.wav,C:\Users\nguye\Desktop\res\sound-recognition-ai\dataset\thaoLp\thaoLp\Sound\Brake\217542__medartimus__car-breaking-skid-01.wav,2705.1247165532877,21,Brake,ThaoLp,0
268899__bbjvr04__sfx_car_emergency_brake.wav,C:\Users\nguye\Desktop\res\sound-recognition-ai\dataset\thaoLp\thaoLp\Sound\Brake\268899__bbjvr04__sfx_car_emergency_brake.wav,5632.0,21,Brake,ThaoLp,1
425861__soundholder__volkswagen-golf-ii-16-diesel-exterior-brake-tyres-friction-medium-mono.wav,C:\Users\nguye\Desktop\res\sound-recognition-ai\dataset\thaoLp\thaoLp\Sound\Brake\425861__soundholder__volkswagen-golf-ii-16-diesel-exterior-brake-tyres-friction-medium-mono.wav,12074.666666666668,21,Brake,ThaoLp,2
430626__juandamb__brake.wav,C:\Users\nguye\Desktop\res\sound-recognition-ai\dataset\thaoLp\thaoLp\Sound\Brake\430626__juandamb__brake.wav,464.9433106575964,21,Brake,ThaoLp,3
437537__prsvl__braking-on-gravel-bike.wav,C:\Users\nguye\Desktop\res\sound-recognition-ai\dataset\thaoLp\thaoLp\Sound\Brake\437537__prsvl__braking-on-gravel-bike.wav,2802.8125,21,Brake,ThaoLp,4
593819__timkahn__car-pass-with-rock-in-the-brakes.wav,C:\Users\nguye\Desktop\res\sound-recognition-ai\dataset\thaoLp\thaoLp\Sound\Brake\593819__timkahn__car-pass-with-rock-in-the-brakes.wav,15539.770833333334,21,Brake,ThaoLp,5
613739__milkotz__car-braking.wav,C:\Users\nguye\Desktop\res\sound-recognition-ai\dataset\thaoLp\thaoLp\Sound\Brake\613739__milkotz__car-braking.wav,20323.26530612245,21,Brake,ThaoLp,6
614627__fractanimal__screeching-tyres-tires.wav,C:\Users\nguye\Desktop\res\sound-recognition-ai\dataset\thaoLp\thaoLp\Sound\Brake\614627__fractanimal__screeching-tyres-tires.wav,86462.63038548753,21,Brake,ThaoLp,7
650934__iainmccurdy__screeching-tyres.wav,C:\Users\nguye\Desktop\res\sound-recognition-ai\dataset\thaoLp\thaoLp\Sound\Brake\650934__iainmccurdy__screeching-tyres.wav,25338.3125,21,Brake,ThaoLp,8
690197__urupin__the-car-hits-a-person-imitation.wav,C:\Users\nguye\Desktop\res\sound-recognition-ai\dataset\thaoLp\thaoLp\Sound\Brake\690197__urupin__the-car-hits-a-person-imitation.wav,10476.416666666668,21,Brake,ThaoLp,9
71741__audible-edge__nissan-maxima-handbrake-turn-04-25-2009.wav,C:\Users\nguye\Desktop\res\sound-recognition-ai\dataset\thaoLp\thaoLp\Sound\Brake\71741__audible-edge__nissan-maxima-handbrake-turn-04-25-2009.wav,10365.333333333334,21,Brake,ThaoLp,10
76804__audible-edge__ae0090-volvo-740-gle-handbrake-turn-01.wav,C:\Users\nguye\Desktop\res\sound-recognition-ai\dataset\thaoLp\thaoLp\Sound\Brake\76804__audible-edge__ae0090-volvo-740-gle-handbrake-turn-01.wav,10366.190476190477,21,Brake,ThaoLp,11
76805__audible-edge__ae0091-volvo-740-gle-handbrake-turn-02.wav,C:\Users\nguye\Desktop\res\sound-recognition-ai\dataset\thaoLp\thaoLp\Sound\Brake\76805__audible-edge__ae0091-volvo-740-gle-handbrake-turn-02.wav,7540.861678004535,21,Brake,ThaoLp,12
76806__audible-edge__ae0092-volvo-740-gle-handbrake-turn-03.wav,C:\Users\nguye\Desktop\res\sound-recognition-ai\dataset\thaoLp\thaoLp\Sound\Brake\76806__audible-edge__ae0092-volvo-740-gle-handbrake-turn-03.wav,9327.301587301587,21,Brake,ThaoLp,13
131385__musicmasta1__carstartskidcrash.wav,C:\Users\nguye\Desktop\res\sound-recognition-ai\dataset\thaoLp\thaoLp\Sound\Car crash\131385__musicmasta1__carstartskidcrash.wav,18936.416666666668,7,Car crash,ThaoLp,14
144137_alukahn_2-car-horns 1.wav,C:\Users\nguye\Desktop\res\sound-recognition-ai\dataset\thaoLp\thaoLp\Sound\Car crash\144137_alukahn_2-car-horns 1.wav,2377.1428571428573,7,Car crash,ThaoLp,15
237375__squareal__car-crash.wav,C:\Users\nguye\Desktop\res\sound-recognition-ai\dataset\thaoLp\thaoLp\Sound\Car crash\237375__squareal__car-crash.wav,4367.1875,7,Car crash,ThaoLp,16
250965__perttiorn__carcrash_heartbeat-slomo.wav,C:\Users\nguye\Desktop\res\sound-recognition-ai\dataset\thaoLp\thaoLp\Sound\Car crash\250965__perttiorn__carcrash_heartbeat-slomo.wav,-1.0,7,Car crash,ThaoLp,17
351513__nsstudios__car-crash.wav,C:\Users\nguye\Desktop\res\sound-recognition-ai\dataset\thaoLp\thaoLp\Sound\Car crash\351513__nsstudios__car-crash.wav,13374.69387755102,7,Car crash,ThaoLp,18
420356__cogfirestudios__crash.wav,C:\Users\nguye\Desktop\res\sound-recognition-ai\dataset\thaoLp\thaoLp\Sound\Car crash\420356__cogfirestudios__crash.wav,2612.4489795918366,7,Car crash,ThaoLp,19
426021__hobotrails__car-accident-with-squeal-and-crash.wav,C:\Users\nguye\Desktop\res\sound-recognition-ai\dataset\thaoLp\thaoLp\Sound\Car crash\426021__hobotrails__car-accident-with-squeal-and-crash.wav,3436.5532879818593,7,Car crash,ThaoLp,20
545692__feed__crash.wav,C:\Users\nguye\Desktop\res\sound-recognition-ai\dataset\thaoLp\thaoLp\Sound\Car crash\545692__feed__crash.wav,576.0,7,Car crash,ThaoLp,21
592388__magnuswaker__car-crash-with-glass.wav,C:\Users\nguye\Desktop\res\sound-recognition-ai\dataset\thaoLp\thaoLp\Sound\Car crash\592388__magnuswaker__car-crash-with-glass.wav,2564.041666666667,7,Car crash,ThaoLp,22
682371_pnmcarrierailfan_car-crash-elements-sideswipe-01 (1) (mp3cut.net).wav,C:\Users\nguye\Desktop\res\sound-recognition-ai\dataset\thaoLp\thaoLp\Sound\Car crash\682371_pnmcarrierailfan_car-crash-elements-sideswipe-01 (1) (mp3cut.net).wav,1121.5873015873017,7,Car crash,ThaoLp,23
690197_urupin_the-car-hits-a-person-imitation (mp3cut.net).wav,C:\Users\nguye\Desktop\res\sound-recognition-ai\dataset\thaoLp\thaoLp\Sound\Car crash\690197_urupin_the-car-hits-a-person-imitation (mp3cut.net).wav,10476.416666666668,7,Car crash,ThaoLp,24
746501__kevp888__240713_2785-2_fr_car_and_motorcycle_crash (1).wav,C:\Users\nguye\Desktop\res\sound-recognition-ai\dataset\thaoLp\thaoLp\Sound\Car crash\746501__kevp888__240713_2785-2_fr_car_and_motorcycle_crash (1).wav,20245.666666666664,7,Car crash,ThaoLp,25
746501__kevp888__240713_2785-2_fr_car_and_motorcycle_crash.wav,C:\Users\nguye\Desktop\res\sound-recognition-ai\dataset\thaoLp\thaoLp\Sound\Car crash\746501__kevp888__240713_2785-2_fr_car_and_motorcycle_crash.wav,20245.666666666664,7,Car crash,ThaoLp,26
76806_audible-edge_ae0092-volvo-740-gle-handbrake-turn-03 1.wav,C:\Users\nguye\Desktop\res\sound-recognition-ai\dataset\thaoLp\thaoLp\Sound\Car crash\76806_audible-edge_ae0092-volvo-740-gle-handbrake-turn-03 1.wav,9327.301587301587,7,Car crash,ThaoLp,27
777235__mudflea2__car-towing-a-very-noisy-trailer.wav,C:\Users\nguye\Desktop\res\sound-recognition-ai\dataset\thaoLp\thaoLp\Sound\Car crash\777235__mudflea2__car-towing-a-very-noisy-trailer.wav,-1.0,7,Car crash,ThaoLp,28
99960__cgeffex__large-crash.wav,C:\Users\nguye\Desktop\res\sound-recognition-ai\dataset\thaoLp\thaoLp\Sound\Car crash\99960__cgeffex__large-crash.wav,4408.571428571428,7,Car crash,ThaoLp,29
116603__mrmccormack__mrm_garagedoorclose.wav,C:\Users\nguye\Desktop\res\sound-recognition-ai\dataset\thaoLp\thaoLp\Sound\Electric shock\116603__mrmccormack__mrm_garagedoorclose.wav,13785.354166666666,22,Electric shock,ThaoLp,30
134768__jobro__electricuter.wav,C:\Users\nguye\Desktop\res\sound-recognition-ai\dataset\thaoLp\thaoLp\Sound\Electric shock\134768__jobro__electricuter.wav,54857.142857142855,22,Electric shock,ThaoLp,31
160421__bigkahuna360__electrical-shock-zap (1).wav,C:\Users\nguye\Desktop\res\sound-recognition-ai\dataset\thaoLp\thaoLp\Sound\Electric shock\160421__bigkahuna360__electrical-shock-zap (1).wav,3641.1875,22,Electric shock,ThaoLp,32
160421__bigkahuna360__electrical-shock-zap.wav,C:\Users\nguye\Desktop\res\sound-recognition-ai\dataset\thaoLp\thaoLp\Sound\Electric shock\160421__bigkahuna360__electrical-shock-zap.wav,3641.1875,22,Electric shock,ThaoLp,33
18249__zippi1__sound-noise4.wav,C:\Users\nguye\Desktop\res\sound-recognition-ai\dataset\thaoLp\thaoLp\Sound\Electric shock\18249__zippi1__sound-noise4.wav,8057.324263038548,22,Electric shock,ThaoLp,34
18381__inferno__hvyelec.wav,C:\Users\nguye\Desktop\res\sound-recognition-ai\dataset\thaoLp\thaoLp\Sound\Electric shock\18381__inferno__hvyelec.wav,-1.0,22,Electric shock,ThaoLp,35
189630__elliottklein__spark.wav,C:\Users\nguye\Desktop\res\sound-recognition-ai\dataset\thaoLp\thaoLp\Sound\Electric shock\189630__elliottklein__spark.wav,170.66666666666666,22,Electric shock,ThaoLp,36
210995__originalmaja__electric-shocks-screams.wav,C:\Users\nguye\Desktop\res\sound-recognition-ai\dataset\thaoLp\thaoLp\Sound\Electric shock\210995__originalmaja__electric-shocks-screams.wav,11833.469387755102,22,Electric shock,ThaoLp,37
211639_qubodup_electrical-transition.wav,C:\Users\nguye\Desktop\res\sound-recognition-ai\dataset\thaoLp\thaoLp\Sound\Electric shock\211639_qubodup_electrical-transition.wav,-1.0,22,Electric shock,ThaoLp,38
213613__pyr0x__electric-sparker.wav,C:\Users\nguye\Desktop\res\sound-recognition-ai\dataset\thaoLp\thaoLp\Sound\Electric shock\213613__pyr0x__electric-sparker.wav,26916.507936507936,22,Electric shock,ThaoLp,39
223555__captainvince__weld-metal-shock-electric-2.wav,C:\Users\nguye\Desktop\res\sound-recognition-ai\dataset\thaoLp\thaoLp\Sound\Electric shock\223555__captainvince__weld-metal-shock-electric-2.wav,8330.666666666668,22,Electric shock,ThaoLp,40
223556__captainvince__weld-metal-shock-electric.wav,C:\Users\nguye\Desktop\res\sound-recognition-ai\dataset\thaoLp\thaoLp\Sound\Electric shock\223556__captainvince__weld-metal-shock-electric.wav,11584.0,22,Electric shock,ThaoLp,41
232741__mensageirocs__electric-shock-10.wav,C:\Users\nguye\Desktop\res\sound-recognition-ai\dataset\thaoLp\thaoLp\Sound\Electric shock\232741__mensageirocs__electric-shock-10.wav,9550.362811791383,22,Electric shock,ThaoLp,42
248251__jameswrowles__electrocution.wav,C:\Users\nguye\Desktop\res\sound-recognition-ai\dataset\thaoLp\thaoLp\Sound\Electric shock\248251__jameswrowles__electrocution.wav,14994.104308390022,22,Electric shock,ThaoLp,43
379913__alex_hears_things__aluminium-welder-from-3-positions.wav,C:\Users\nguye\Desktop\res\sound-recognition-ai\dataset\thaoLp\thaoLp\Sound\Electric shock\379913__alex_hears_things__aluminium-welder-from-3-positions.wav,24280.0,22,Electric shock,ThaoLp,44
383654__deleted_user_7146007__electricity.wav,C:\Users\nguye\Desktop\res\sound-recognition-ai\dataset\thaoLp\thaoLp\Sound\Electric shock\383654__deleted_user_7146007__electricity.wav,8300.0,22,Electric shock,ThaoLp,45
396240__weaveofkev__welding_electric-sparks.wav,C:\Users\nguye\Desktop\res\sound-recognition-ai\dataset\thaoLp\thaoLp\Sound\Electric shock\396240__weaveofkev__welding_electric-sparks.wav,4500.0,22,Electric shock,ThaoLp,46
398274__flashtrauma__electricity.wav,C:\Users\nguye\Desktop\res\sound-recognition-ai\dataset\thaoLp\thaoLp\Sound\Electric shock\398274__flashtrauma__electricity.wav,3284.988662131519,22,Electric shock,ThaoLp,47
425327__kev_durr__electric-shock.wav,C:\Users\nguye\Desktop\res\sound-recognition-ai\dataset\thaoLp\thaoLp\Sound\Electric shock\425327__kev_durr__electric-shock.wav,9500.0,22,Electric shock,ThaoLp,48
425597__soundholder__emf-dual-shock-3-transferring-sound (1).wav,C:\Users\nguye\Desktop\res\sound-recognition-ai\dataset\thaoLp\thaoLp\Sound\Electric shock\425597__soundholder__emf-dual-shock-3-transferring-sound (1).wav,65877.33333333334,22,Electric shock,ThaoLp,49
425597__soundholder__emf-dual-shock-3-transferring-sound.wav,C:\Users\nguye\Desktop\res\sound-recognition-ai\dataset\thaoLp\thaoLp\Sound\Electric shock\425597__soundholder__emf-dual-shock-3-transferring-sound.wav,65877.33333333334,22,Electric shock,ThaoLp,50
475806__pluralz__electric-shock.wav,C:\Users\nguye\Desktop\res\sound-recognition-ai\dataset\thaoLp\thaoLp\Sound\Electric shock\475806__pluralz__electric-shock.wav,2970.7029478458053,22,Electric shock,ThaoLp,51
499690__kinoton__high-voltage-sparks-3x.wav,C:\Users\nguye\Desktop\res\sound-recognition-ai\dataset\thaoLp\thaoLp\Sound\Electric shock\499690__kinoton__high-voltage-sparks-3x.wav,56740.333333333336,22,Electric shock,ThaoLp,52
512471__michael_grinnell__electric-zap.wav,C:\Users\nguye\Desktop\res\sound-recognition-ai\dataset\thaoLp\thaoLp\Sound\Electric shock\512471__michael_grinnell__electric-zap.wav,224.9659863945578,22,Electric shock,ThaoLp,53
531421__resaural__electric-zap-loop.wav,C:\Users\nguye\Desktop\res\sound-recognition-ai\dataset\thaoLp\thaoLp\Sound\Electric shock\531421__resaural__electric-zap-loop.wav,4907.50566893424,22,Electric shock,ThaoLp,54
540012__birdswkaren__taser.wav,C:\Users\nguye\Desktop\res\sound-recognition-ai\dataset\thaoLp\thaoLp\Sound\Electric shock\540012__birdswkaren__taser.wav,1531.25,22,Electric shock,ThaoLp,55
554864__shpira__trimmer.wav,C:\Users\nguye\Desktop\res\sound-recognition-ai\dataset\thaoLp\thaoLp\Sound\Electric shock\554864__shpira__trimmer.wav,118783.52083333333,22,Electric shock,ThaoLp,56
564892__timbre__more-power-remix-of-erdies-freesound-564885.wav,C:\Users\nguye\Desktop\res\sound-recognition-ai\dataset\thaoLp\thaoLp\Sound\Electric shock\564892__timbre__more-power-remix-of-erdies-freesound-564885.wav,16770.907029478458,22,Electric shock,ThaoLp,57
62922__speedy__welder-1.wav,C:\Users\nguye\Desktop\res\sound-recognition-ai\dataset\thaoLp\thaoLp\Sound\Electric shock\62922__speedy__welder-1.wav,35679.93197278911,22,Electric shock,ThaoLp,58
633172__why_o__tesla-coil-electricity.wav,C:\Users\nguye\Desktop\res\sound-recognition-ai\dataset\thaoLp\thaoLp\Sound\Electric shock\633172__why_o__tesla-coil-electricity.wav,7020.833333333333,22,Electric shock,ThaoLp,59
655263__kev_durr__damp-electric-shock.wav,C:\Users\nguye\Desktop\res\sound-recognition-ai\dataset\thaoLp\thaoLp\Sound\Electric shock\655263__kev_durr__damp-electric-shock.wav,16859.909297052156,22,Electric shock,ThaoLp,60
655788__elsje__taser.wav,C:\Users\nguye\Desktop\res\sound-recognition-ai\dataset\thaoLp\thaoLp\Sound\Electric shock\655788__elsje__taser.wav,6000.0,22,Electric shock,ThaoLp,61
680996__supersouper__electric-shock-1.wav,C:\Users\nguye\Desktop\res\sound-recognition-ai\dataset\thaoLp\thaoLp\Sound\Electric shock\680996__supersouper__electric-shock-1.wav,1527.3015873015875,22,Electric shock,ThaoLp,62
683637__sunfiredragon__combo-electricity.wav,C:\Users\nguye\Desktop\res\sound-recognition-ai\dataset\thaoLp\thaoLp\Sound\Electric shock\683637__sunfiredragon__combo-electricity.wav,1606.2131519274376,22,Electric shock,ThaoLp,63
168585__zabuhailo__fire_alarm_staircase 1.wav,C:\Users\nguye\Desktop\res\sound-recognition-ai\dataset\thaoLp\thaoLp\Sound\Fire arlam\168585__zabuhailo__fire_alarm_staircase 1.wav,-1.0,15,Fire arlam,ThaoLp,64
168585__zabuhailo__fire_alarm_staircase 2.wav,C:\Users\nguye\Desktop\res\sound-recognition-ai\dataset\thaoLp\thaoLp\Sound\Fire arlam\168585__zabuhailo__fire_alarm_staircase 2.wav,-1.0,15,Fire arlam,ThaoLp,65
22457__jppi_stu__fire_alarm_testing.wav,C:\Users\nguye\Desktop\res\sound-recognition-ai\dataset\thaoLp\thaoLp\Sound\Fire arlam\22457__jppi_stu__fire_alarm_testing.wav,5226.041666666666,15,Fire arlam,ThaoLp,66
255181__adamweeden__bs-fire-alarm-sweeping-1-hz (mp3cut.net).wav,C:\Users\nguye\Desktop\res\sound-recognition-ai\dataset\thaoLp\thaoLp\Sound\Fire arlam\255181__adamweeden__bs-fire-alarm-sweeping-1-hz (mp3cut.net).wav,-1.0,15,Fire arlam,ThaoLp,67
319413__pushkin__fire-alarm.wav,C:\Users\nguye\Desktop\res\sound-recognition-ai\dataset\thaoLp\thaoLp\Sound\Fire arlam\319413__pushkin__fire-alarm.wav,20247.800453514737,15,Fire arlam,ThaoLp,68
325367__moonlightshadow__fire-house-alarm-_mp3cut.net_.wav,C:\Users\nguye\Desktop\res\sound-recognition-ai\dataset\thaoLp\thaoLp\Sound\Fire arlam\325367__moonlightshadow__fire-house-alarm-_mp3cut.net_.wav,8686.780045351474,15,Fire arlam,ThaoLp,69
34656__timkahn__alarm.wav,C:\Users\nguye\Desktop\res\sound-recognition-ai\dataset\thaoLp\thaoLp\Sound\Fire arlam\34656__timkahn__alarm.wav,60186.122448979586,15,Fire arlam,ThaoLp,70
372087__postyourownballs__fire-alarm-beeping-in-the-morning.wav,C:\Users\nguye\Desktop\res\sound-recognition-ai\dataset\thaoLp\thaoLp\Sound\Fire arlam\372087__postyourownballs__fire-alarm-beeping-in-the-morning.wav,-1.0,15,Fire arlam,ThaoLp,71
383254__klankbeeld__fire-alarm.wav,C:\Users\nguye\Desktop\res\sound-recognition-ai\dataset\thaoLp\thaoLp\Sound\Fire arlam\383254__klankbeeld__fire-alarm.wav,17518.854166666668,15,Fire arlam,ThaoLp,72
404483__deleted_user_6925139__fire-alarm-loop.wav,C:\Users\nguye\Desktop\res\sound-recognition-ai\dataset\thaoLp\thaoLp\Sound\Fire arlam\404483__deleted_user_6925139__fire-alarm-loop.wav,-1.0,15,Fire arlam,ThaoLp,73
464659__sashashifter__fire-alarm-kitchen 1.wav,C:\Users\nguye\Desktop\res\sound-recognition-ai\dataset\thaoLp\thaoLp\Sound\Fire arlam\464659__sashashifter__fire-alarm-kitchen 1.wav,-1.0,15,Fire arlam,ThaoLp,74
464659__sashashifter__fire-alarm-kitchen 2.wav,C:\Users\nguye\Desktop\res\sound-recognition-ai\dataset\thaoLp\thaoLp\Sound\Fire arlam\464659__sashashifter__fire-alarm-kitchen 2.wav,-1.0,15,Fire arlam,ThaoLp,75
530094__garuda1982__smoke-detector-fire-alarm-sound-effect.wav,C:\Users\nguye\Desktop\res\sound-recognition-ai\dataset\thaoLp\thaoLp\Sound\Fire arlam\530094__garuda1982__smoke-detector-fire-alarm-sound-effect.wav,19788.820861678003,15,Fire arlam,ThaoLp,76
588728__burakisahuman__firealarm.wav,C:\Users\nguye\Desktop\res\sound-recognition-ai\dataset\thaoLp\thaoLp\Sound\Fire arlam\588728__burakisahuman__firealarm.wav,23637.91383219955,15,Fire arlam,ThaoLp,77
609721__theplax__fire-alarm-loop.wav,C:\Users\nguye\Desktop\res\sound-recognition-ai\dataset\thaoLp\thaoLp\Sound\Fire arlam\609721__theplax__fire-alarm-loop.wav,26182.104166666664,15,Fire arlam,ThaoLp,78
678345__msx2plus__fire-alarm-bell.wav,C:\Users\nguye\Desktop\res\sound-recognition-ai\dataset\thaoLp\thaoLp\Sound\Fire arlam\678345__msx2plus__fire-alarm-bell.wav,-1.0,15,Fire arlam,ThaoLp,79
703573__ikaku06__several-fire-alarms-going-off-at-once.wav,C:\Users\nguye\Desktop\res\sound-recognition-ai\dataset\thaoLp\thaoLp\Sound\Fire arlam\703573__ikaku06__several-fire-alarms-going-off-at-once.wav,14336.0,15,Fire arlam,ThaoLp,80
715561__audiopapkin__real-electro-mechanical-fire-siren 1.wav,C:\Users\nguye\Desktop\res\sound-recognition-ai\dataset\thaoLp\thaoLp\Sound\Fire arlam\715561__audiopapkin__real-electro-mechanical-fire-siren 1.wav,20642.539682539682,15,Fire arlam,ThaoLp,81
715561__audiopapkin__real-electro-mechanical-fire-siren 2.wav,C:\Users\nguye\Desktop\res\sound-recognition-ai\dataset\thaoLp\thaoLp\Sound\Fire arlam\715561__audiopapkin__real-electro-mechanical-fire-siren 2.wav,20294.24036281179,15,Fire arlam,ThaoLp,82
783829__chungus43a__school-fire-alarm.wav,C:\Users\nguye\Desktop\res\sound-recognition-ai\dataset\thaoLp\thaoLp\Sound\Fire arlam\783829__chungus43a__school-fire-alarm.wav,4800.0,15,Fire arlam,ThaoLp,83
82797__payattention__fire-alarm.wav,C:\Users\nguye\Desktop\res\sound-recognition-ai\dataset\thaoLp\thaoLp\Sound\Fire arlam\82797__payattention__fire-alarm.wav,28702.666666666664,15,Fire arlam,ThaoLp,84
204128__craxic__glass15.wav,C:\Users\nguye\Desktop\res\sound-recognition-ai\dataset\thaoLp\thaoLp\Sound\Glass broken\204128__craxic__glass15.wav,476.0090702947846,14,Glass broken,ThaoLp,85
204132_craxic_glass11.wav,C:\Users\nguye\Desktop\res\sound-recognition-ai\dataset\thaoLp\thaoLp\Sound\Glass broken\204132_craxic_glass11.wav,2136.235827664399,14,Glass broken,ThaoLp,86
255182__klankbeeld__breaking-window-004-141113_0451.wav,C:\Users\nguye\Desktop\res\sound-recognition-ai\dataset\thaoLp\thaoLp\Sound\Glass broken\255182__klankbeeld__breaking-window-004-141113_0451.wav,1896.0,14,Glass broken,ThaoLp,87
29712_glaneur-de-sons_broken-glass.wav,C:\Users\nguye\Desktop\res\sound-recognition-ai\dataset\thaoLp\thaoLp\Sound\Glass broken\29712_glaneur-de-sons_broken-glass.wav,-1.0,14,Glass broken,ThaoLp,88
369070__lazylids__breaking_mirror (1).wav,C:\Users\nguye\Desktop\res\sound-recognition-ai\dataset\thaoLp\thaoLp\Sound\Glass broken\369070__lazylids__breaking_mirror (1).wav,2066.125,14,Glass broken,ThaoLp,89
369070__lazylids__breaking_mirror.wav,C:\Users\nguye\Desktop\res\sound-recognition-ai\dataset\thaoLp\thaoLp\Sound\Glass broken\369070__lazylids__breaking_mirror.wav,2066.125,14,Glass broken,ThaoLp,90
369238__enelportaldebelenhayestrellas__broken-glass-stereo.wav,C:\Users\nguye\Desktop\res\sound-recognition-ai\dataset\thaoLp\thaoLp\Sound\Glass broken\369238__enelportaldebelenhayestrellas__broken-glass-stereo.wav,3014.1496598639455,14,Glass broken,ThaoLp,91
41348__datasoundsample__glass-shatter.wav,C:\Users\nguye\Desktop\res\sound-recognition-ai\dataset\thaoLp\thaoLp\Sound\Glass broken\41348__datasoundsample__glass-shatter.wav,1033.4013605442176,14,Glass broken,ThaoLp,92
428421__sofiom__76-ventana-quebrada.wav,C:\Users\nguye\Desktop\res\sound-recognition-ai\dataset\thaoLp\thaoLp\Sound\Glass broken\428421__sofiom__76-ventana-quebrada.wav,1473.265306122449,14,Glass broken,ThaoLp,93
443546__hachiman935__ventana_rota_04.wav,C:\Users\nguye\Desktop\res\sound-recognition-ai\dataset\thaoLp\thaoLp\Sound\Glass broken\443546__hachiman935__ventana_rota_04.wav,-1.0,14,Glass broken,ThaoLp,94
443551__hachiman935__ventana_rota_01.wav,C:\Users\nguye\Desktop\res\sound-recognition-ai\dataset\thaoLp\thaoLp\Sound\Glass broken\443551__hachiman935__ventana_rota_01.wav,1774.6938775510205,14,Glass broken,ThaoLp,95
474870_dsote_standing-on-broken-glass 1.wav,C:\Users\nguye\Desktop\res\sound-recognition-ai\dataset\thaoLp\thaoLp\Sound\Glass broken\474870_dsote_standing-on-broken-glass 1.wav,11902.541666666666,14,Glass broken,ThaoLp,96
474870_dsote_standing-on-broken-glass 2.wav,C:\Users\nguye\Desktop\res\sound-recognition-ai\dataset\thaoLp\thaoLp\Sound\Glass broken\474870_dsote_standing-on-broken-glass 2.wav,11898.875,14,Glass broken,ThaoLp,97
548230__max2587__glass-brake.wav,C:\Users\nguye\Desktop\res\sound-recognition-ai\dataset\thaoLp\thaoLp\Sound\Glass broken\548230__max2587__glass-brake.wav,715.6354166666666,14,Glass broken,ThaoLp,98
553768__brunoauzet__broken-window.wav,C:\Users\nguye\Desktop\res\sound-recognition-ai\dataset\thaoLp\thaoLp\Sound\Glass broken\553768__brunoauzet__broken-window.wav,7932.333333333333,14,Glass broken,ThaoLp,99
587927__thecommondanger__broken-plate-glass-window.wav,C:\Users\nguye\Desktop\res\sound-recognition-ai\dataset\thaoLp\thaoLp\Sound\Glass broken\587927__thecommondanger__broken-plate-glass-window.wav,1102.9478458049887,14,Glass broken,ThaoLp,100
613879_rangoanimations_window-breaking 1.wav,C:\Users\nguye\Desktop\res\sound-recognition-ai\dataset\thaoLp\thaoLp\Sound\Glass broken\613879_rangoanimations_window-breaking 1.wav,2298.75283446712,14,Glass broken,ThaoLp,101
620128__mediagruppen__glassbreaker.wav,C:\Users\nguye\Desktop\res\sound-recognition-ai\dataset\thaoLp\thaoLp\Sound\Glass broken\620128__mediagruppen__glassbreaker.wav,6714.770833333334,14,Glass broken,ThaoLp,102
620502_ytr76_flying-then-crash-sfx (mp3cut.net) (1).wav,C:\Users\nguye\Desktop\res\sound-recognition-ai\dataset\thaoLp\thaoLp\Sound\Glass broken\620502_ytr76_flying-then-crash-sfx (mp3cut.net) (1).wav,3233.469387755102,14,Glass broken,ThaoLp,103
620502_ytr76_flying-then-crash-sfx 2.wav,C:\Users\nguye\Desktop\res\sound-recognition-ai\dataset\thaoLp\thaoLp\Sound\Glass broken\620502_ytr76_flying-then-crash-sfx 2.wav,3233.469387755102,14,Glass broken,ThaoLp,104
648134__5plus5equalspatata__window-break.wav,C:\Users\nguye\Desktop\res\sound-recognition-ai\dataset\thaoLp\thaoLp\Sound\Glass broken\648134__5plus5equalspatata__window-break.wav,3867.256235827664,14,Glass broken,ThaoLp,105
754181__lisoundwav__broken-glass-manipulation-sfx  1.wav,C:\Users\nguye\Desktop\res\sound-recognition-ai\dataset\thaoLp\thaoLp\Sound\Glass broken\754181__lisoundwav__broken-glass-manipulation-sfx  1.wav,-1.0,14,Glass broken,ThaoLp,106
754181__lisoundwav__broken-glass-manipulation-sfx 2.wav,C:\Users\nguye\Desktop\res\sound-recognition-ai\dataset\thaoLp\thaoLp\Sound\Glass broken\754181__lisoundwav__broken-glass-manipulation-sfx 2.wav,-1.0,14,Glass broken,ThaoLp,107
754181__lisoundwav__broken-glass-manipulation-sfx.wav,C:\Users\nguye\Desktop\res\sound-recognition-ai\dataset\thaoLp\thaoLp\Sound\Glass broken\754181__lisoundwav__broken-glass-manipulation-sfx.wav,-1.0,14,Glass broken,ThaoLp,108
778608__blondpanda__glass_shards_impact_05.wav,C:\Users\nguye\Desktop\res\sound-recognition-ai\dataset\thaoLp\thaoLp\Sound\Glass broken\778608__blondpanda__glass_shards_impact_05.wav,1717.8333333333333,14,Glass broken,ThaoLp,109
164627__deleted_user_2104797__car_horn_long.wav,C:\Users\nguye\Desktop\res\sound-recognition-ai\dataset\thaoLp\thaoLp\Sound\Long horn\164627__deleted_user_2104797__car_horn_long.wav,2464.8125,2,Long horn,ThaoLp,110
174840__jakobthiesen__mitsubishi-imiev-electric-car-horn-long.wav,C:\Users\nguye\Desktop\res\sound-recognition-ai\dataset\thaoLp\thaoLp\Sound\Long horn\174840__jakobthiesen__mitsubishi-imiev-electric-car-horn-long.wav,5717.333333333333,2,Long horn,ThaoLp,111
316689__ambiosis__train-diesel-double-horn-from-class-142-with-reverb.wav,C:\Users\nguye\Desktop\res\sound-recognition-ai\dataset\thaoLp\thaoLp\Sound\Long horn\316689__ambiosis__train-diesel-double-horn-from-class-142-with-reverb.wav,4330.333333333333,2,Long horn,ThaoLp,112
371450_redafs_klakson-telolet-indonesian-big-bus-custom-horn (mp3cut.net) (1).wav,C:\Users\nguye\Desktop\res\sound-recognition-ai\dataset\thaoLp\thaoLp\Sound\Long horn\371450_redafs_klakson-telolet-indonesian-big-bus-custom-horn (mp3cut.net) (1).wav,9041.496598639456,2,Long horn,ThaoLp,113
371450_redafs_klakson-telolet-indonesian-big-bus-custom-horn (mp3cut.net).wav,C:\Users\nguye\Desktop\res\sound-recognition-ai\dataset\thaoLp\thaoLp\Sound\Long horn\371450_redafs_klakson-telolet-indonesian-big-bus-custom-horn (mp3cut.net).wav,6651.11111111111,2,Long horn,ThaoLp,114
398415__bone666138__ferry-horn.wav,C:\Users\nguye\Desktop\res\sound-recognition-ai\dataset\thaoLp\thaoLp\Sound\Long horn\398415__bone666138__ferry-horn.wav,6456.009070294785,2,Long horn,ThaoLp,115
403981__arundasstp__bus-horn-long.wav,C:\Users\nguye\Desktop\res\sound-recognition-ai\dataset\thaoLp\thaoLp\Sound\Long horn\403981__arundasstp__bus-horn-long.wav,3781.0,2,Long horn,ThaoLp,116
436587__julien_matthey__jm_transport_ext_horn-01c-car_very-long_mini-countryman.wav,C:\Users\nguye\Desktop\res\sound-recognition-ai\dataset\thaoLp\thaoLp\Sound\Long horn\436587__julien_matthey__jm_transport_ext_horn-01c-car_very-long_mini-countryman.wav,7027.4375,2,Long horn,ThaoLp,117
451697_kyles_school-bus-truck-int-horn-honk.wav,C:\Users\nguye\Desktop\res\sound-recognition-ai\dataset\thaoLp\thaoLp\Sound\Long horn\451697_kyles_school-bus-truck-int-horn-honk.wav,6780.0,2,Long horn,ThaoLp,118
468741__timkahn__a-train-in-a-valley.wav,C:\Users\nguye\Desktop\res\sound-recognition-ai\dataset\thaoLp\thaoLp\Sound\Long horn\468741__timkahn__a-train-in-a-valley.wav,479488.0416666667,2,Long horn,ThaoLp,119
479975__craigsmith__r04-22-long-car-horn-blast.wav,C:\Users\nguye\Desktop\res\sound-recognition-ai\dataset\thaoLp\thaoLp\Sound\Long horn\479975__craigsmith__r04-22-long-car-horn-blast.wav,13779.145833333332,2,Long horn,ThaoLp,120
504565__dominikbraun__bus-truck-horn-blast-wav.wav,C:\Users\nguye\Desktop\res\sound-recognition-ai\dataset\thaoLp\thaoLp\Sound\Long horn\504565__dominikbraun__bus-truck-horn-blast-wav.wav,32000.0,2,Long horn,ThaoLp,121
54086__guitarguy1985__horn.wav,C:\Users\nguye\Desktop\res\sound-recognition-ai\dataset\thaoLp\thaoLp\Sound\Long horn\54086__guitarguy1985__horn.wav,4597.551020408163,2,Long horn,ThaoLp,122
569031_carthny_san-diego-ferry 1.wav,C:\Users\nguye\Desktop\res\sound-recognition-ai\dataset\thaoLp\thaoLp\Sound\Long horn\569031_carthny_san-diego-ferry 1.wav,5653.673469387755,2,Long horn,ThaoLp,123
569031_carthny_san-diego-ferry 2.wav,C:\Users\nguye\Desktop\res\sound-recognition-ai\dataset\thaoLp\thaoLp\Sound\Long horn\569031_carthny_san-diego-ferry 2.wav,13454.85260770975,2,Long horn,ThaoLp,124
569031_carthny_san-diego-ferry 3.wav,C:\Users\nguye\Desktop\res\sound-recognition-ai\dataset\thaoLp\thaoLp\Sound\Long horn\569031_carthny_san-diego-ferry 3.wav,13454.85260770975,2,Long horn,ThaoLp,125
569031_carthny_san-diego-ferry.wav,C:\Users\nguye\Desktop\res\sound-recognition-ai\dataset\thaoLp\thaoLp\Sound\Long horn\569031_carthny_san-diego-ferry.wav,10825.238095238095,2,Long horn,ThaoLp,126
573672_trp_train-horn-long-held-pitches-noisy-lo-fi-cassette-shreveport-la-april-99 (mp3cut.net).wav,C:\Users\nguye\Desktop\res\sound-recognition-ai\dataset\thaoLp\thaoLp\Sound\Long horn\573672_trp_train-horn-long-held-pitches-noisy-lo-fi-cassette-shreveport-la-april-99 (mp3cut.net).wav,16530.839002267574,2,Long horn,ThaoLp,127
573672__trp__train-horn-long-held-pitches-noisy-lo-fi-cassette-shreveport-la-april-99.wav,C:\Users\nguye\Desktop\res\sound-recognition-ai\dataset\thaoLp\thaoLp\Sound\Long horn\573672__trp__train-horn-long-held-pitches-noisy-lo-fi-cassette-shreveport-la-april-99.wav,66458.5260770975,2,Long horn,ThaoLp,128
591823_funwithsound_train-horn-37 (mp3cut.net) (1).wav,C:\Users\nguye\Desktop\res\sound-recognition-ai\dataset\thaoLp\thaoLp\Sound\Long horn\591823_funwithsound_train-horn-37 (mp3cut.net) (1).wav,10349.3125,2,Long horn,ThaoLp,129
591823_funwithsound_train-horn-37 (mp3cut.net).wav,C:\Users\nguye\Desktop\res\sound-recognition-ai\dataset\thaoLp\thaoLp\Sound\Long horn\591823_funwithsound_train-horn-37 (mp3cut.net).wav,8752.9375,2,Long horn,ThaoLp,130
591823__funwithsound__train-horn-37.wav,C:\Users\nguye\Desktop\res\sound-recognition-ai\dataset\thaoLp\thaoLp\Sound\Long horn\591823__funwithsound__train-horn-37.wav,19440.0,2,Long horn,ThaoLp,131
608089_funwithsound_horn-13-leslie-long (mp3cut.net).wav,C:\Users\nguye\Desktop\res\sound-recognition-ai\dataset\thaoLp\thaoLp\Sound\Long horn\608089_funwithsound_horn-13-leslie-long (mp3cut.net).wav,2800.0,2,Long horn,ThaoLp,132
647668__jotraing__train-horn-passenger-long-blast-intercity-express.wav,C:\Users\nguye\Desktop\res\sound-recognition-ai\dataset\thaoLp\thaoLp\Sound\Long horn\647668__jotraing__train-horn-passenger-long-blast-intercity-express.wav,2467.4375,2,Long horn,ThaoLp,133
652997__misticalsounds2o__truck-horn-long-length.wav,C:\Users\nguye\Desktop\res\sound-recognition-ai\dataset\thaoLp\thaoLp\Sound\Long horn\652997__misticalsounds2o__truck-horn-long-length.wav,6817.95918367347,2,Long horn,ThaoLp,134
706221_aisselles_very-long-car-horn-in-nyc 1.wav,C:\Users\nguye\Desktop\res\sound-recognition-ai\dataset\thaoLp\thaoLp\Sound\Long horn\706221_aisselles_very-long-car-horn-in-nyc 1.wav,17047.979166666668,2,Long horn,ThaoLp,135
706221_aisselles_very-long-car-horn-in-nyc 2.wav,C:\Users\nguye\Desktop\res\sound-recognition-ai\dataset\thaoLp\thaoLp\Sound\Long horn\706221_aisselles_very-long-car-horn-in-nyc 2.wav,17047.979166666668,2,Long horn,ThaoLp,136
706221_aisselles_very-long-car-horn-in-nyc 3.wav,C:\Users\nguye\Desktop\res\sound-recognition-ai\dataset\thaoLp\thaoLp\Sound\Long horn\706221_aisselles_very-long-car-horn-in-nyc 3.wav,17047.979166666668,2,Long horn,ThaoLp,137
715683_trp_130820-train-horns-muffled-via 2.wav,C:\Users\nguye\Desktop\res\sound-recognition-ai\dataset\thaoLp\thaoLp\Sound\Long horn\715683_trp_130820-train-horns-muffled-via 2.wav,19350.770833333332,2,Long horn,ThaoLp,138
715683__trp__130820-train-horns-muffled-via.wav,C:\Users\nguye\Desktop\res\sound-recognition-ai\dataset\thaoLp\thaoLp\Sound\Long horn\715683__trp__130820-train-horns-muffled-via.wav,80151.5,2,Long horn,ThaoLp,139
723526__sertonin__a-heavy-freight-train-approaching-with-a-horn-sequence-at-the-beginning.wav,C:\Users\nguye\Desktop\res\sound-recognition-ai\dataset\thaoLp\thaoLp\Sound\Long horn\723526__sertonin__a-heavy-freight-train-approaching-with-a-horn-sequence-at-the-beginning.wav,73089.09297052155,2,Long horn,ThaoLp,140
744148__wrinkledsack__train-with-wayside-horn.wav,C:\Users\nguye\Desktop\res\sound-recognition-ai\dataset\thaoLp\thaoLp\Sound\Long horn\744148__wrinkledsack__train-with-wayside-horn.wav,264333.3333333333,2,Long horn,ThaoLp,141
783823__chungus43a__saint-petersburg-metro-train-two-chime-horn.wav,C:\Users\nguye\Desktop\res\sound-recognition-ai\dataset\thaoLp\thaoLp\Sound\Long horn\783823__chungus43a__saint-petersburg-metro-train-two-chime-horn.wav,5454.541666666667,2,Long horn,ThaoLp,142
234360__nebulousflynn__bricks-stones-tumble-rockslide 1.wav,C:\Users\nguye\Desktop\res\sound-recognition-ai\dataset\thaoLp\thaoLp\Sound\Rockslide\234360__nebulousflynn__bricks-stones-tumble-rockslide 1.wav,15466.666666666666,23,Rockslide,ThaoLp,143
234360__nebulousflynn__bricks-stones-tumble-rockslide 3.wav,C:\Users\nguye\Desktop\res\sound-recognition-ai\dataset\thaoLp\thaoLp\Sound\Rockslide\234360__nebulousflynn__bricks-stones-tumble-rockslide 3.wav,21866.666666666668,23,Rockslide,ThaoLp,144
234360__nebulousflynn__bricks-stones-tumble-rockslide 4.wav,C:\Users\nguye\Desktop\res\sound-recognition-ai\dataset\thaoLp\thaoLp\Sound\Rockslide\234360__nebulousflynn__bricks-stones-tumble-rockslide 4.wav,33045.33333333333,23,Rockslide,ThaoLp,145
234360__nebulousflynn__bricks-stones-tumble-rockslide 5.wav,C:\Users\nguye\Desktop\res\sound-recognition-ai\dataset\thaoLp\thaoLp\Sound\Rockslide\234360__nebulousflynn__bricks-stones-tumble-rockslide 5.wav,24000.0,23,Rockslide,ThaoLp,146
234360__nebulousflynn__bricks-stones-tumble-rockslide 6.wav,C:\Users\nguye\Desktop\res\sound-recognition-ai\dataset\thaoLp\thaoLp\Sound\Rockslide\234360__nebulousflynn__bricks-stones-tumble-rockslide 6.wav,24000.0,23,Rockslide,ThaoLp,147
244484__zimbot__densecrunchre-rated_cavein.wav,C:\Users\nguye\Desktop\res\sound-recognition-ai\dataset\thaoLp\thaoLp\Sound\Rockslide\244484__zimbot__densecrunchre-rated_cavein.wav,12603.75,23,Rockslide,ThaoLp,148
381645__alancat__rockfall1b.wav,C:\Users\nguye\Desktop\res\sound-recognition-ai\dataset\thaoLp\thaoLp\Sound\Rockslide\381645__alancat__rockfall1b.wav,31579.795918367345,23,Rockslide,ThaoLp,149
389303__alancat__rockfall2a.wav,C:\Users\nguye\Desktop\res\sound-recognition-ai\dataset\thaoLp\thaoLp\Sound\Rockslide\389303__alancat__rockfall2a.wav,16849.04761904762,23,Rockslide,ThaoLp,150
393865__agc66__boulderfall1.wav,C:\Users\nguye\Desktop\res\sound-recognition-ai\dataset\thaoLp\thaoLp\Sound\Rockslide\393865__agc66__boulderfall1.wav,6778.390022675737,23,Rockslide,ThaoLp,151
438682__craigsmith__g43-03-light-rockslide 1.wav,C:\Users\nguye\Desktop\res\sound-recognition-ai\dataset\thaoLp\thaoLp\Sound\Rockslide\438682__craigsmith__g43-03-light-rockslide 1.wav,-1.0,23,Rockslide,ThaoLp,152
438682__craigsmith__g43-03-light-rockslide 2.wav,C:\Users\nguye\Desktop\res\sound-recognition-ai\dataset\thaoLp\thaoLp\Sound\Rockslide\438682__craigsmith__g43-03-light-rockslide 2.wav,-1.0,23,Rockslide,ThaoLp,153
442552__tayingalive__landslideseriousextracred.wav,C:\Users\nguye\Desktop\res\sound-recognition-ai\dataset\thaoLp\thaoLp\Sound\Rockslide\442552__tayingalive__landslideseriousextracred.wav,42550.49886621315,23,Rockslide,ThaoLp,154
500638__betchkal__20120808_064004-cathedral-mountain-rock-slide-slow-blocky-chunks.wav,C:\Users\nguye\Desktop\res\sound-recognition-ai\dataset\thaoLp\thaoLp\Sound\Rockslide\500638__betchkal__20120808_064004-cathedral-mountain-rock-slide-slow-blocky-chunks.wav,25448.27664399093,23,Rockslide,ThaoLp,155
593315__vitru20__4elements_earth_10_21.wav,C:\Users\nguye\Desktop\res\sound-recognition-ai\dataset\thaoLp\thaoLp\Sound\Rockslide\593315__vitru20__4elements_earth_10_21.wav,-1.0,23,Rockslide,ThaoLp,156
60085__benboncan__rockfall-in-mine 1.wav,C:\Users\nguye\Desktop\res\sound-recognition-ai\dataset\thaoLp\thaoLp\Sound\Rockslide\60085__benboncan__rockfall-in-mine 1.wav,15068.854166666666,23,Rockslide,ThaoLp,157
60085__benboncan__rockfall-in-mine 2.wav,C:\Users\nguye\Desktop\res\sound-recognition-ai\dataset\thaoLp\thaoLp\Sound\Rockslide\60085__benboncan__rockfall-in-mine 2.wav,15082.666666666666,23,Rockslide,ThaoLp,158
608957__ninjasharkstudios__rockslide_1.wav,C:\Users\nguye\Desktop\res\sound-recognition-ai\dataset\thaoLp\thaoLp\Sound\Rockslide\608957__ninjasharkstudios__rockslide_1.wav,12311.541666666666,23,Rockslide,ThaoLp,159
71261__pscsound__indy-rocks-falling-cue-4-ve.wav,C:\Users\nguye\Desktop\res\sound-recognition-ai\dataset\thaoLp\thaoLp\Sound\Rockslide\71261__pscsound__indy-rocks-falling-cue-4-ve.wav,28000.0,23,Rockslide,ThaoLp,160
757266__newlocknew__natdmisc_a-rockfall-in-the-mountainsno-rumblewith-an-echo.wav,C:\Users\nguye\Desktop\res\sound-recognition-ai\dataset\thaoLp\thaoLp\Sound\Rockslide\757266__newlocknew__natdmisc_a-rockfall-in-the-mountainsno-rumblewith-an-echo.wav,9432.0,23,Rockslide,ThaoLp,161
757394__newlocknew__rockmisc_rockfallsteady-2.wav,C:\Users\nguye\Desktop\res\sound-recognition-ai\dataset\thaoLp\thaoLp\Sound\Rockslide\757394__newlocknew__rockmisc_rockfallsteady-2.wav,12960.0,23,Rockslide,ThaoLp,162
77931__juskiddink__rockslide 1.wav,C:\Users\nguye\Desktop\res\sound-recognition-ai\dataset\thaoLp\thaoLp\Sound\Rockslide\77931__juskiddink__rockslide 1.wav,15232.290249433107,23,Rockslide,ThaoLp,163
77931__juskiddink__rockslide 2.wav,C:\Users\nguye\Desktop\res\sound-recognition-ai\dataset\thaoLp\thaoLp\Sound\Rockslide\77931__juskiddink__rockslide 2.wav,15232.290249433107,23,Rockslide,ThaoLp,164
219109__zyrytsounds__scream.wav,C:\Users\nguye\Desktop\res\sound-recognition-ai\dataset\thaoLp\thaoLp\Sound\Scream\219109__zyrytsounds__scream.wav,2171.0657596371884,13,Scream,ThaoLp,165
219858__adriancalzon__scream-01.wav,C:\Users\nguye\Desktop\res\sound-recognition-ai\dataset\thaoLp\thaoLp\Sound\Scream\219858__adriancalzon__scream-01.wav,1091.3378684807255,13,Scream,ThaoLp,166
31695__experimental-illness__m207b9_screaming.wav,C:\Users\nguye\Desktop\res\sound-recognition-ai\dataset\thaoLp\thaoLp\Sound\Scream\31695__experimental-illness__m207b9_screaming.wav,10576.122448979591,13,Scream,ThaoLp,167
329843__ebonyandme__me_screaming.wav,C:\Users\nguye\Desktop\res\sound-recognition-ai\dataset\thaoLp\thaoLp\Sound\Scream\329843__ebonyandme__me_screaming.wav,3808.0725623582766,13,Scream,ThaoLp,168
34286__hello_flowers__flowers_like-to-scream-06.wav,C:\Users\nguye\Desktop\res\sound-recognition-ai\dataset\thaoLp\thaoLp\Sound\Scream\34286__hello_flowers__flowers_like-to-scream-06.wav,6040.952380952381,13,Scream,ThaoLp,169
370136__thanra__howie-scream-imitation.wav,C:\Users\nguye\Desktop\res\sound-recognition-ai\dataset\thaoLp\thaoLp\Sound\Scream\370136__thanra__howie-scream-imitation.wav,5201.269841269841,13,Scream,ThaoLp,170
381804_juliabosque_scream1_bosque_julia.wav,C:\Users\nguye\Desktop\res\sound-recognition-ai\dataset\thaoLp\thaoLp\Sound\Scream\381804_juliabosque_scream1_bosque_julia.wav,731.3832199546486,13,Scream,ThaoLp,171
381893__marsebastia__scary-woman-scream.wav,C:\Users\nguye\Desktop\res\sound-recognition-ai\dataset\thaoLp\thaoLp\Sound\Scream\381893__marsebastia__scary-woman-scream.wav,2847.3469387755104,13,Scream,ThaoLp,172
382316__serles_music__scream2_serles_jordi.wav,C:\Users\nguye\Desktop\res\sound-recognition-ai\dataset\thaoLp\thaoLp\Sound\Scream\382316__serles_music__scream2_serles_jordi.wav,3000.0,13,Scream,ThaoLp,173
406504__deleted_user_5405837__screams.wav,C:\Users\nguye\Desktop\res\sound-recognition-ai\dataset\thaoLp\thaoLp\Sound\Scream\406504__deleted_user_5405837__screams.wav,7516.235827664399,13,Scream,ThaoLp,174
416541__tonsil5__male_scream_5.wav,C:\Users\nguye\Desktop\res\sound-recognition-ai\dataset\thaoLp\thaoLp\Sound\Scream\416541__tonsil5__male_scream_5.wav,1650.952380952381,13,Scream,ThaoLp,175
442608__topschool__kids-screaming.wav,C:\Users\nguye\Desktop\res\sound-recognition-ai\dataset\thaoLp\thaoLp\Sound\Scream\442608__topschool__kids-screaming.wav,1567.3469387755101,13,Scream,ThaoLp,176
443490__topschool__scream2.wav,C:\Users\nguye\Desktop\res\sound-recognition-ai\dataset\thaoLp\thaoLp\Sound\Scream\443490__topschool__scream2.wav,1933.061224489796,13,Scream,ThaoLp,177
556976__marc3122__male-screams-1.wav,C:\Users\nguye\Desktop\res\sound-recognition-ai\dataset\thaoLp\thaoLp\Sound\Scream\556976__marc3122__male-screams-1.wav,13653.333333333334,13,Scream,ThaoLp,178
584987__bramvanz__techno-scream.wav,C:\Users\nguye\Desktop\res\sound-recognition-ai\dataset\thaoLp\thaoLp\Sound\Scream\584987__bramvanz__techno-scream.wav,5071.0430839002265,13,Scream,ThaoLp,179
608756__soundburst__scream-4.wav,C:\Users\nguye\Desktop\res\sound-recognition-ai\dataset\thaoLp\thaoLp\Sound\Scream\608756__soundburst__scream-4.wav,5224.489795918367,13,Scream,ThaoLp,180
652436__1josh173__bash-and-scream-2.wav,C:\Users\nguye\Desktop\res\sound-recognition-ai\dataset\thaoLp\thaoLp\Sound\Scream\652436__1josh173__bash-and-scream-2.wav,5832.0,13,Scream,ThaoLp,181
656230__cocochanel7__female-screaming-in-frustration.wav,C:\Users\nguye\Desktop\res\sound-recognition-ai\dataset\thaoLp\thaoLp\Sound\Scream\656230__cocochanel7__female-screaming-in-frustration.wav,3770.25,13,Scream,ThaoLp,182
671200__xl57__two-voices-screaming-female-no-effects.wav,C:\Users\nguye\Desktop\res\sound-recognition-ai\dataset\thaoLp\thaoLp\Sound\Scream\671200__xl57__two-voices-screaming-female-no-effects.wav,-1.0,13,Scream,ThaoLp,183
67324__robinhood76__00730-reedy-folk-scream.wav,C:\Users\nguye\Desktop\res\sound-recognition-ai\dataset\thaoLp\thaoLp\Sound\Scream\67324__robinhood76__00730-reedy-folk-scream.wav,2192.4489795918366,13,Scream,ThaoLp,184
682397_pnmcarrierailfan_korone-screams-11.wav,C:\Users\nguye\Desktop\res\sound-recognition-ai\dataset\thaoLp\thaoLp\Sound\Scream\682397_pnmcarrierailfan_korone-screams-11.wav,2324.875283446712,13,Scream,ThaoLp,185
696363_mastersoundboy2005_people-screaming-sound-effect 0.wav,C:\Users\nguye\Desktop\res\sound-recognition-ai\dataset\thaoLp\thaoLp\Sound\Scream\696363_mastersoundboy2005_people-screaming-sound-effect 0.wav,15571.655328798186,13,Scream,ThaoLp,186
696363_mastersoundboy2005_people-screaming-sound-effect 1.wav,C:\Users\nguye\Desktop\res\sound-recognition-ai\dataset\thaoLp\thaoLp\Sound\Scream\696363_mastersoundboy2005_people-screaming-sound-effect 1.wav,15571.655328798186,13,Scream,ThaoLp,187
696363_mastersoundboy2005_people-screaming-sound-effect 2.wav,C:\Users\nguye\Desktop\res\sound-recognition-ai\dataset\thaoLp\thaoLp\Sound\Scream\696363_mastersoundboy2005_people-screaming-sound-effect 2.wav,15571.655328798186,13,Scream,ThaoLp,188
696363_mastersoundboy2005_people-screaming-sound-effect 3.wav,C:\Users\nguye\Desktop\res\sound-recognition-ai\dataset\thaoLp\thaoLp\Sound\Scream\696363_mastersoundboy2005_people-screaming-sound-effect 3.wav,15571.655328798186,13,Scream,ThaoLp,189
696363_mastersoundboy2005_people-screaming-sound-effect 4.wav,C:\Users\nguye\Desktop\res\sound-recognition-ai\dataset\thaoLp\thaoLp\Sound\Scream\696363_mastersoundboy2005_people-screaming-sound-effect 4.wav,24754.943310657596,13,Scream,ThaoLp,190
696363_mastersoundboy2005_people-screaming-sound-effect 5.wav,C:\Users\nguye\Desktop\res\sound-recognition-ai\dataset\thaoLp\thaoLp\Sound\Scream\696363_mastersoundboy2005_people-screaming-sound-effect 5.wav,19963.673469387755,13,Scream,ThaoLp,191
696363_mastersoundboy2005_people-screaming-sound-effect 7.wav,C:\Users\nguye\Desktop\res\sound-recognition-ai\dataset\thaoLp\thaoLp\Sound\Scream\696363_mastersoundboy2005_people-screaming-sound-effect 7.wav,21960.02267573696,13,Scream,ThaoLp,192
698870__katiechimera__katescream.wav,C:\Users\nguye\Desktop\res\sound-recognition-ai\dataset\thaoLp\thaoLp\Sound\Scream\698870__katiechimera__katescream.wav,1971.4739229024942,13,Scream,ThaoLp,193
714867__mastersoundboy2005__high-pitch-screaming.wav,C:\Users\nguye\Desktop\res\sound-recognition-ai\dataset\thaoLp\thaoLp\Sound\Scream\714867__mastersoundboy2005__high-pitch-screaming.wav,2106.031746031746,13,Scream,ThaoLp,194
758591__demensdeum__scream.wav,C:\Users\nguye\Desktop\res\sound-recognition-ai\dataset\thaoLp\thaoLp\Sound\Scream\758591__demensdeum__scream.wav,1567.3469387755101,13,Scream,ThaoLp,195
134994__hdrck16__sirens.wav,C:\Users\nguye\Desktop\res\sound-recognition-ai\dataset\thaoLp\thaoLp\Sound\Siren\134994__hdrck16__sirens.wav,17111.666666666668,1,Siren,ThaoLp,196
22601__martypinso__dmp002011-rumbcity-sirens 1.wav,C:\Users\nguye\Desktop\res\sound-recognition-ai\dataset\thaoLp\thaoLp\Sound\Siren\22601__martypinso__dmp002011-rumbcity-sirens 1.wav,21418.666666666668,1,Siren,ThaoLp,197
22601__martypinso__dmp002011-rumbcity-sirens 2.wav,C:\Users\nguye\Desktop\res\sound-recognition-ai\dataset\thaoLp\thaoLp\Sound\Siren\22601__martypinso__dmp002011-rumbcity-sirens 2.wav,21418.666666666668,1,Siren,ThaoLp,198
22601__martypinso__dmp002011-rumbcity-sirens 3.wav,C:\Users\nguye\Desktop\res\sound-recognition-ai\dataset\thaoLp\thaoLp\Sound\Siren\22601__martypinso__dmp002011-rumbcity-sirens 3.wav,21418.666666666668,1,Siren,ThaoLp,199
22601__martypinso__dmp002011-rumbcity-sirens 4.wav,C:\Users\nguye\Desktop\res\sound-recognition-ai\dataset\thaoLp\thaoLp\Sound\Siren\22601__martypinso__dmp002011-rumbcity-sirens 4.wav,21418.666666666668,1,Siren,ThaoLp,200
22601__martypinso__dmp002011-rumbcity-sirens.wav,C:\Users\nguye\Desktop\res\sound-recognition-ai\dataset\thaoLp\thaoLp\Sound\Siren\22601__martypinso__dmp002011-rumbcity-sirens.wav,21418.666666666668,1,Siren,ThaoLp,201
316604__mjsounddesign__la-downtown_pershingsquare_noon-sirens-helicopter-protests-birds-cars-busy-streets 0.wav,C:\Users\nguye\Desktop\res\sound-recognition-ai\dataset\thaoLp\thaoLp\Sound\Siren\316604__mjsounddesign__la-downtown_pershingsquare_noon-sirens-helicopter-protests-birds-cars-busy-streets 0.wav,-1.0,1,Siren,ThaoLp,202
316604__mjsounddesign__la-downtown_pershingsquare_noon-sirens-helicopter-protests-birds-cars-busy-streets 1.wav,C:\Users\nguye\Desktop\res\sound-recognition-ai\dataset\thaoLp\thaoLp\Sound\Siren\316604__mjsounddesign__la-downtown_pershingsquare_noon-sirens-helicopter-protests-birds-cars-busy-streets 1.wav,-1.0,1,Siren,ThaoLp,203
316604__mjsounddesign__la-downtown_pershingsquare_noon-sirens-helicopter-protests-birds-cars-busy-streets 2.wav,C:\Users\nguye\Desktop\res\sound-recognition-ai\dataset\thaoLp\thaoLp\Sound\Siren\316604__mjsounddesign__la-downtown_pershingsquare_noon-sirens-helicopter-protests-birds-cars-busy-streets 2.wav,-1.0,1,Siren,ThaoLp,204
316604__mjsounddesign__la-downtown_pershingsquare_noon-sirens-helicopter-protests-birds-cars-busy-streets 3.wav,C:\Users\nguye\Desktop\res\sound-recognition-ai\dataset\thaoLp\thaoLp\Sound\Siren\316604__mjsounddesign__la-downtown_pershingsquare_noon-sirens-helicopter-protests-birds-cars-busy-streets 3.wav,-1.0,1,Siren,ThaoLp,205
392218__y3w_tree__sirens 1.wav,C:\Users\nguye\Desktop\res\sound-recognition-ai\dataset\thaoLp\thaoLp\Sound\Siren\392218__y3w_tree__sirens 1.wav,-1.0,1,Siren,ThaoLp,206
392218__y3w_tree__sirens 2.wav,C:\Users\nguye\Desktop\res\sound-recognition-ai\dataset\thaoLp\thaoLp\Sound\Siren\392218__y3w_tree__sirens 2.wav,-1.0,1,Siren,ThaoLp,207
392218__y3w_tree__sirens.wav,C:\Users\nguye\Desktop\res\sound-recognition-ai\dataset\thaoLp\thaoLp\Sound\Siren\392218__y3w_tree__sirens.wav,-1.0,1,Siren,ThaoLp,208
442986_raceynovel_fire-truck-siren 1.wav,C:\Users\nguye\Desktop\res\sound-recognition-ai\dataset\thaoLp\thaoLp\Sound\Siren\442986_raceynovel_fire-truck-siren 1.wav,17444.479166666668,1,Siren,ThaoLp,209
442986_raceynovel_fire-truck-siren 2.wav,C:\Users\nguye\Desktop\res\sound-recognition-ai\dataset\thaoLp\thaoLp\Sound\Siren\442986_raceynovel_fire-truck-siren 2.wav,17444.479166666668,1,Siren,ThaoLp,210
442986_raceynovel_fire-truck-siren.wav,C:\Users\nguye\Desktop\res\sound-recognition-ai\dataset\thaoLp\thaoLp\Sound\Siren\442986_raceynovel_fire-truck-siren.wav,17444.479166666668,1,Siren,ThaoLp,211
500749__scott_snailham__ambiance-parade-with-sirens-1.wav,C:\Users\nguye\Desktop\res\sound-recognition-ai\dataset\thaoLp\thaoLp\Sound\Siren\500749__scott_snailham__ambiance-parade-with-sirens-1.wav,80433.92290249433,1,Siren,ThaoLp,212
500750__scott_snailham__ambiance-parade-with-sirens-2.wav,C:\Users\nguye\Desktop\res\sound-recognition-ai\dataset\thaoLp\thaoLp\Sound\Siren\500750__scott_snailham__ambiance-parade-with-sirens-2.wav,105511.4739229025,1,Siren,ThaoLp,213
528761_911elearning_emergency_traffic-1.wav,C:\Users\nguye\Desktop\res\sound-recognition-ai\dataset\thaoLp\thaoLp\Sound\Siren\528761_911elearning_emergency_traffic-1.wav,24291.11111111111,1,Siren,ThaoLp,214
528761_911elearning_emergency_traffic-2.wav,C:\Users\nguye\Desktop\res\sound-recognition-ai\dataset\thaoLp\thaoLp\Sound\Siren\528761_911elearning_emergency_traffic-2.wav,24291.11111111111,1,Siren,ThaoLp,215
529564__drmrsir__siren_ascending.wav,C:\Users\nguye\Desktop\res\sound-recognition-ai\dataset\thaoLp\thaoLp\Sound\Siren\529564__drmrsir__siren_ascending.wav,6008.163265306122,1,Siren,ThaoLp,216
540975__univ_lyon3__tordeux_emeline_2020_2021_siren.wav,C:\Users\nguye\Desktop\res\sound-recognition-ai\dataset\thaoLp\thaoLp\Sound\Siren\540975__univ_lyon3__tordeux_emeline_2020_2021_siren.wav,10000.0,1,Siren,ThaoLp,217
613280__rutgermuller__japan_siren_snippets.wav,C:\Users\nguye\Desktop\res\sound-recognition-ai\dataset\thaoLp\thaoLp\Sound\Siren\613280__rutgermuller__japan_siren_snippets.wav,22033.239583333332,1,Siren,ThaoLp,218
619087_mrrap4food_fire-truck-w-siren-air-horn 1.wav,C:\Users\nguye\Desktop\res\sound-recognition-ai\dataset\thaoLp\thaoLp\Sound\Siren\619087_mrrap4food_fire-truck-w-siren-air-horn 1.wav,22191.995464852607,1,Siren,ThaoLp,219
682859__selector__old-soviet-police-sirens.wav,C:\Users\nguye\Desktop\res\sound-recognition-ai\dataset\thaoLp\thaoLp\Sound\Siren\682859__selector__old-soviet-police-sirens.wav,16788.027210884356,1,Siren,ThaoLp,220
698331__maciekkubera__230801_001-warsaw-sirens-hommage 1.wav,C:\Users\nguye\Desktop\res\sound-recognition-ai\dataset\thaoLp\thaoLp\Sound\Siren\698331__maciekkubera__230801_001-warsaw-sirens-hommage 1.wav,-1.0,1,Siren,ThaoLp,221
698331__maciekkubera__230801_001-warsaw-sirens-hommage 2.wav,C:\Users\nguye\Desktop\res\sound-recognition-ai\dataset\thaoLp\thaoLp\Sound\Siren\698331__maciekkubera__230801_001-warsaw-sirens-hommage 2.wav,-1.0,1,Siren,ThaoLp,222
698331__maciekkubera__230801_001-warsaw-sirens-hommage 3.wav,C:\Users\nguye\Desktop\res\sound-recognition-ai\dataset\thaoLp\thaoLp\Sound\Siren\698331__maciekkubera__230801_001-warsaw-sirens-hommage 3.wav,-1.0,1,Siren,ThaoLp,223
698331__maciekkubera__230801_001-warsaw-sirens-hommage 4.wav,C:\Users\nguye\Desktop\res\sound-recognition-ai\dataset\thaoLp\thaoLp\Sound\Siren\698331__maciekkubera__230801_001-warsaw-sirens-hommage 4.wav,-1.0,1,Siren,ThaoLp,224
698331__maciekkubera__230801_001-warsaw-sirens-hommage.wav,C:\Users\nguye\Desktop\res\sound-recognition-ai\dataset\thaoLp\thaoLp\Sound\Siren\698331__maciekkubera__230801_001-warsaw-sirens-hommage.wav,-1.0,1,Siren,ThaoLp,225
717550_trp_220215-sirens-distant-echoes-firetruck-city-roof-toronto-5pm 1.wav,C:\Users\nguye\Desktop\res\sound-recognition-ai\dataset\thaoLp\thaoLp\Sound\Siren\717550_trp_220215-sirens-distant-echoes-firetruck-city-roof-toronto-5pm 1.wav,22446.3125,1,Siren,ThaoLp,226
717550_trp_220215-sirens-distant-echoes-firetruck-city-roof-toronto-5pm.wav,C:\Users\nguye\Desktop\res\sound-recognition-ai\dataset\thaoLp\thaoLp\Sound\Siren\717550_trp_220215-sirens-distant-echoes-firetruck-city-roof-toronto-5pm.wav,22446.3125,1,Siren,ThaoLp,227
721526__mzpomodoro__sirens-and-rain (mp3cut.net).wav,C:\Users\nguye\Desktop\res\sound-recognition-ai\dataset\thaoLp\thaoLp\Sound\Siren\721526__mzpomodoro__sirens-and-rain (mp3cut.net).wav,-1.0,1,Siren,ThaoLp,228
724115__tsp-talk__240219_001_tr1_2_sirens_in_distance_ortf_192khz_32bit-float.wav,C:\Users\nguye\Desktop\res\sound-recognition-ai\dataset\thaoLp\thaoLp\Sound\Siren\724115__tsp-talk__240219_001_tr1_2_sirens_in_distance_ortf_192khz_32bit-float.wav,-1.0,1,Siren,ThaoLp,229
725952__hanulskygirl__short-recording-sirens-fire-truck-siren-siren-fire-alarm-fire-trucks-with-sirens-approaching.wav,C:\Users\nguye\Desktop\res\sound-recognition-ai\dataset\thaoLp\thaoLp\Sound\Siren\725952__hanulskygirl__short-recording-sirens-fire-truck-siren-siren-fire-alarm-fire-trucks-with-sirens-approaching.wav,11120.997732426304,1,Siren,ThaoLp,230
732357__eruidoorg__eruido_20200507210404_sirens.wav,C:\Users\nguye\Desktop\res\sound-recognition-ai\dataset\thaoLp\thaoLp\Sound\Siren\732357__eruidoorg__eruido_20200507210404_sirens.wav,7032.979166666666,1,Siren,ThaoLp,231
754991__alex_hears_things__ambulance-siren-australia.wav,C:\Users\nguye\Desktop\res\sound-recognition-ai\dataset\thaoLp\thaoLp\Sound\Siren\754991__alex_hears_things__ambulance-siren-australia.wav,12619.291666666668,1,Siren,ThaoLp,232
